,loss,acc,categorical_crossentropy,val_loss,val_acc,val_categorical_crossentropy,lr,epoch
0,0.6955387646501715,0.5,0.6955387592315674,0.6902452761476691,0.4954545497894287,0.6902453303337097,0.0010000000474974513,0
1,0.6879647211595015,0.4954545497894287,0.687964677810669,0.6846690828149969,0.5136363506317139,0.6846690773963928,0.0010000000474974513,1
2,0.6813825802369551,0.5045454502105713,0.6813825964927673,0.6801248301159252,0.5045454502105713,0.680124819278717,0.0010000000474974513,2
3,0.6756683100353588,0.5227272510528564,0.6756683588027954,0.6761059544303201,0.5681818127632141,0.6761059165000916,0.0010000000474974513,3
4,0.670370264486833,0.5545454621315002,0.6703702211380005,0.6726715673099865,0.6045454740524292,0.6726715564727783,0.0010000000474974513,4
5,0.6662152138623324,0.6090909242630005,0.666215181350708,0.6693308732726357,0.6272727251052856,0.669330894947052,0.0010000000474974513,5
6,0.6625180569562045,0.6318181753158569,0.6625180244445801,0.6663293513384733,0.6499999761581421,0.6663293242454529,0.0010000000474974513,6
7,0.658037543296814,0.6363636255264282,0.6580374836921692,0.663888768716292,0.6545454263687134,0.6638887524604797,0.0010000000474974513,7
8,0.6554609482938593,0.6499999761581421,0.6554609537124634,0.6617265993898566,0.6454545259475708,0.6617265939712524,0.0010000000474974513,8
9,0.6522961746562611,0.6363636255264282,0.6522961854934692,0.659904805096713,0.6499999761581421,0.6599047780036926,0.0010000000474974513,9
10,0.6496275988492098,0.6363636255264282,0.6496276259422302,0.6580706292932684,0.6363636255264282,0.6580705642700195,0.0010000000474974513,10
11,0.6473022590983998,0.6363636255264282,0.6473023295402527,0.6559108875014565,0.6454545259475708,0.655910849571228,0.0010000000474974513,11
12,0.6450664455240424,0.6363636255264282,0.6450664401054382,0.6540356820279901,0.6454545259475708,0.6540356874465942,0.0010000000474974513,12
13,0.642752468585968,0.6318181753158569,0.642752468585968,0.653064413504167,0.6363636255264282,0.6530643701553345,0.0010000000474974513,13
14,0.640836466442455,0.6363636255264282,0.6408364772796631,0.6518208655444059,0.6363636255264282,0.6518208384513855,0.0010000000474974513,14
15,0.6386619968847795,0.6409090757369995,0.6386620402336121,0.6503522070971403,0.6363636255264282,0.6503521800041199,0.0010000000474974513,15
16,0.637269215150313,0.6499999761581421,0.6372691988945007,0.6489666375246915,0.6409090757369995,0.6489667296409607,0.0010000000474974513,16
17,0.635531788522547,0.6499999761581421,0.6355317831039429,0.6475057764486833,0.6454545259475708,0.6475058197975159,0.0010000000474974513,17
18,0.6341210495341908,0.6499999761581421,0.6341210603713989,0.6462929844856262,0.6454545259475708,0.646293044090271,0.0010000000474974513,18
19,0.6329717636108398,0.6499999761581421,0.6329718232154846,0.6449958248571916,0.6454545259475708,0.6449958682060242,0.0010000000474974513,19
20,0.6320075609467246,0.6499999761581421,0.6320075392723083,0.6439393000169233,0.6454545259475708,0.6439393758773804,0.0010000000474974513,20
21,0.6310538866303184,0.6454545259475708,0.6310539245605469,0.6427945657209917,0.6499999761581421,0.6427946090698242,0.0010000000474974513,21
22,0.6304043585603888,0.6409090757369995,0.6304044127464294,0.6418673233552412,0.6545454263687134,0.6418673396110535,0.0010000000474974513,22
23,0.6295764663002708,0.6409090757369995,0.6295764446258545,0.6412532492117449,0.6499999761581421,0.6412532329559326,0.0010000000474974513,23
24,0.6289794607595964,0.6409090757369995,0.628979504108429,0.6410280303521589,0.6318181753158569,0.6410280466079712,0.0010000000474974513,24
25,0.6279934373768893,0.6409090757369995,0.6279934048652649,0.6403119943358682,0.6272727251052856,0.6403118968009949,0.0010000000474974513,25
26,0.6277439973571084,0.6409090757369995,0.6277440190315247,0.6399629224430431,0.6272727251052856,0.639962911605835,0.0010000000474974513,26
27,0.626868643543937,0.6454545259475708,0.6268686652183533,0.6396897272630171,0.6227272748947144,0.6396896839141846,0.0010000000474974513,27
28,0.6265348141843622,0.6454545259475708,0.6265348196029663,0.6389545039697127,0.6318181753158569,0.6389545202255249,0.0010000000474974513,28
29,0.6258216771212491,0.6409090757369995,0.6258217096328735,0.6383044828068126,0.6272727251052856,0.6383044719696045,0.0010000000474974513,29
30,0.6249251528219744,0.6454545259475708,0.6249251365661621,0.6377440040761774,0.6227272748947144,0.6377440094947815,0.0010000000474974513,30
31,0.624529936096885,0.6363636255264282,0.6245299577713013,0.6375265988436613,0.6272727251052856,0.6375265717506409,0.0010000000474974513,31
32,0.6241336898370222,0.6363636255264282,0.6241337060928345,0.6367621584372087,0.6272727251052856,0.6367621421813965,0.0010000000474974513,32
33,0.6231959733096036,0.6363636255264282,0.623196005821228,0.6353099129416726,0.6272727251052856,0.6353098750114441,0.0010000000474974513,33
34,0.6221759373491461,0.6318181753158569,0.622175931930542,0.6346746683120728,0.6227272748947144,0.6346746683120728,0.0010000000474974513,34
35,0.621409150687131,0.6409090757369995,0.6214091181755066,0.634767619046298,0.6272727251052856,0.6347676515579224,0.0010000000474974513,35
36,0.6208001917058771,0.6454545259475708,0.6208001971244812,0.6340527426112782,0.6227272748947144,0.6340527534484863,0.0010000000474974513,36
37,0.6202157681638544,0.6454545259475708,0.6202157735824585,0.6333470669659701,0.6181818246841431,0.6333470940589905,0.0010000000474974513,37
38,0.6194477406415072,0.6454545259475708,0.6194477677345276,0.6326031955805692,0.6272727251052856,0.6326031684875488,0.0010000000474974513,38
39,0.6186364347284491,0.6409090757369995,0.6186364889144897,0.6326380859721791,0.6272727251052856,0.6326380372047424,0.0010000000474974513,39
40,0.6181032061576843,0.6363636255264282,0.6181031465530396,0.632071852684021,0.6272727251052856,0.6320719122886658,0.0010000000474974513,40
41,0.6173709305849943,0.6363636255264282,0.6173709034919739,0.6311647675254128,0.6272727251052856,0.6311647295951843,0.0010000000474974513,41
42,0.6172351512041959,0.6318181753158569,0.6172352433204651,0.6304597529498014,0.6272727251052856,0.630459725856781,0.0010000000474974513,42
43,0.6163455843925476,0.6318181753158569,0.6163455843925476,0.6295139627023176,0.6272727251052856,0.6295139789581299,0.0010000000474974513,43
44,0.6159521828998219,0.6409090757369995,0.6159522533416748,0.629159071228721,0.6272727251052856,0.6291590332984924,0.0010000000474974513,44
45,0.6151825081218373,0.6409090757369995,0.6151825189590454,0.6282178271900524,0.6318181753158569,0.6282178163528442,0.0010000000474974513,45
46,0.6146658062934875,0.6454545259475708,0.6146658062934875,0.6269469694657759,0.6272727251052856,0.6269470453262329,0.0010000000474974513,46
47,0.6140343871983615,0.6409090757369995,0.6140343546867371,0.6264574744484641,0.6272727251052856,0.6264575123786926,0.0010000000474974513,47
48,0.6133596138520674,0.6409090757369995,0.6133596301078796,0.6258703524416144,0.6272727251052856,0.6258702874183655,0.0010000000474974513,48
49,0.6129814657298002,0.6409090757369995,0.6129814982414246,0.6247901862317865,0.6272727251052856,0.6247901916503906,0.0010000000474974513,49
50,0.6127706441012296,0.6409090757369995,0.6127706170082092,0.6242435845461759,0.6272727251052856,0.6242435574531555,0.0010000000474974513,50
51,0.6119325269352306,0.6409090757369995,0.6119325160980225,0.6236900578845631,0.6318181753158569,0.623690128326416,0.0010000000474974513,51
52,0.6113444404168562,0.6409090757369995,0.6113443970680237,0.623718489300121,0.6272727251052856,0.6237184405326843,0.0010000000474974513,52
53,0.6103114052252336,0.6409090757369995,0.6103113889694214,0.6231643178246238,0.6318181753158569,0.6231643557548523,0.0010000000474974513,53
54,0.6100240512327715,0.6409090757369995,0.6100240349769592,0.6225513165647333,0.6454545259475708,0.6225513815879822,0.0010000000474974513,54
55,0.6095607118173079,0.6499999761581421,0.6095607280731201,0.6211001873016357,0.6454545259475708,0.621100127696991,0.0010000000474974513,55
56,0.6083842732689597,0.6499999761581421,0.6083843111991882,0.6210024302656,0.6499999761581421,0.6210023760795593,0.0010000000474974513,56
57,0.6076794266700745,0.6454545259475708,0.6076794266700745,0.6201168461279436,0.6499999761581421,0.6201168894767761,0.0010000000474974513,57
58,0.6066583936864679,0.6499999761581421,0.606658399105072,0.6184180270541798,0.6499999761581421,0.6184180378913879,0.0010000000474974513,58
59,0.6058543487028643,0.6545454263687134,0.605854332447052,0.6162594719366594,0.6727272868156433,0.6162593960762024,0.0010000000474974513,59
60,0.6046223803000017,0.668181836605072,0.6046223640441895,0.6154576539993286,0.6818181872367859,0.6154576539993286,0.0010000000474974513,60
61,0.6036911877718839,0.6545454263687134,0.6036912202835083,0.615134515545585,0.6772727370262146,0.6151344776153564,0.0010000000474974513,61
62,0.6026666814630682,0.6545454263687134,0.6026666760444641,0.6141800826246088,0.6772727370262146,0.6141800880432129,0.0010000000474974513,62
63,0.6017651828852567,0.6636363863945007,0.6017651557922363,0.6124707893891768,0.6772727370262146,0.612470805644989,0.0010000000474974513,63
64,0.6011830947615884,0.6818181872367859,0.6011831164360046,0.6111277666958895,0.6772727370262146,0.6111277937889099,0.0010000000474974513,64
65,0.5999263850125399,0.6818181872367859,0.5999263525009155,0.6104927171360363,0.6772727370262146,0.6104927659034729,0.0010000000474974513,65
66,0.5990150137381121,0.6863636374473572,0.5990149974822998,0.60993431373076,0.6727272868156433,0.6099343299865723,0.0010000000474974513,66
67,0.5981181182644584,0.6909090876579285,0.5981181263923645,0.6085996085947211,0.6818181872367859,0.6085996031761169,0.0010000000474974513,67
68,0.5968864722685381,0.6863636374473572,0.5968864560127258,0.6074104309082031,0.6818181872367859,0.6074104309082031,0.0010000000474974513,68
69,0.5958461165428162,0.6909090876579285,0.5958460569381714,0.6050897294824774,0.6863636374473572,0.6050897836685181,0.0010000000474974513,69
70,0.5947430188005621,0.6909090876579285,0.594743013381958,0.6034221432425759,0.6863636374473572,0.6034221053123474,0.0010000000474974513,70
71,0.5935258756984364,0.6909090876579285,0.5935258269309998,0.6022880998524752,0.6772727370262146,0.6022881269454956,0.0010000000474974513,71
72,0.5921348116614602,0.6909090876579285,0.5921347737312317,0.6011601686477661,0.6818181872367859,0.6011601686477661,0.0010000000474974513,72
73,0.5910942933776162,0.6954545378684998,0.5910942554473877,0.5998422503471375,0.6818181872367859,0.5998421907424927,0.0010000000474974513,73
74,0.5903132503682916,0.6909090876579285,0.5903132557868958,0.597904541275718,0.6818181872367859,0.5979045629501343,0.0010000000474974513,74
75,0.5886919661001726,0.6863636374473572,0.5886920094490051,0.5953297967260535,0.6863636374473572,0.595329761505127,0.0010000000474974513,75
76,0.5876932577653364,0.6863636374473572,0.5876932740211487,0.5935035700147803,0.6909090876579285,0.5935035943984985,0.0010000000474974513,76
77,0.586619415066459,0.6863636374473572,0.5866194367408752,0.5913928096944635,0.6909090876579285,0.5913928151130676,0.0010000000474974513,77
78,0.5852077874270353,0.6863636374473572,0.5852077603340149,0.5906837311657992,0.6909090876579285,0.5906837582588196,0.0010000000474974513,78
79,0.5842048146507957,0.6954545378684998,0.5842047929763794,0.5897749120538885,0.6863636374473572,0.5897749662399292,0.0010000000474974513,79
80,0.5829501964829185,0.6909090876579285,0.5829501748085022,0.5895211859182878,0.6863636374473572,0.5895211696624756,0.0010000000474974513,80
81,0.582151857289401,0.6863636374473572,0.5821518898010254,0.5884670886126432,0.6863636374473572,0.5884670615196228,0.0010000000474974513,81
82,0.5815018252892927,0.6863636374473572,0.581501841545105,0.5872561714865945,0.6818181872367859,0.587256133556366,0.0010000000474974513,82
83,0.5799855644052679,0.6909090876579285,0.5799855589866638,0.5841576077721335,0.6863636374473572,0.5841576457023621,0.0010000000474974513,83
84,0.5789056311954152,0.6863636374473572,0.5789056420326233,0.5806574496355924,0.6863636374473572,0.580657422542572,0.0010000000474974513,84
85,0.5771602338010614,0.6863636374473572,0.5771602392196655,0.5786367627707395,0.6863636374473572,0.5786367654800415,0.0010000000474974513,85
86,0.5756796544248407,0.6818181872367859,0.5756796598434448,0.5783882520415566,0.6909090876579285,0.5783882737159729,0.0010000000474974513,86
87,0.5739487192847512,0.6818181872367859,0.5739486813545227,0.5770088596777483,0.6909090876579285,0.5770089030265808,0.0010000000474974513,87
88,0.5726176771250638,0.6818181872367859,0.5726177096366882,0.5749024044383656,0.6909090876579285,0.5749024152755737,0.0010000000474974513,88
89,0.5711162144487555,0.6863636374473572,0.5711162090301514,0.5730861100283536,0.6909090876579285,0.5730860829353333,0.0010000000474974513,89
90,0.5697872367772189,0.6863636374473572,0.5697872042655945,0.5706710707057606,0.6863636374473572,0.570671021938324,0.0010000000474974513,90
91,0.5681327689777721,0.6772727370262146,0.568132758140564,0.568442778153853,0.6909090876579285,0.5684428215026855,0.0010000000474974513,91
92,0.5663549412380565,0.6772727370262146,0.5663549304008484,0.5674333355643533,0.6909090876579285,0.5674332976341248,0.0010000000474974513,92
93,0.5644623474641279,0.6727272868156433,0.5644623041152954,0.5650200952183116,0.6909090876579285,0.5650201439857483,0.0010000000474974513,93
94,0.5628444931723855,0.6727272868156433,0.5628445148468018,0.5633550936525519,0.6909090876579285,0.5633550882339478,0.0010000000474974513,94
95,0.5611495754935525,0.6727272868156433,0.5611495971679688,0.5610808296637102,0.6863636374473572,0.561080813407898,0.0010000000474974513,95
96,0.5597793893380598,0.6772727370262146,0.5597794055938721,0.5591735541820526,0.6863636374473572,0.5591735243797302,0.0010000000474974513,96
97,0.5578062480146234,0.6772727370262146,0.5578061938285828,0.5581250028176741,0.6818181872367859,0.5581250190734863,0.0010000000474974513,97
98,0.5563313256610524,0.6772727370262146,0.5563313364982605,0.5563273971731012,0.6818181872367859,0.5563274025917053,0.0010000000474974513,98
99,0.5551174445585771,0.6772727370262146,0.5551173686981201,0.5536844351074912,0.6818181872367859,0.5536844730377197,0.0010000000474974513,99
100,0.5533553795381025,0.6727272868156433,0.5533553957939148,0.5533861355348066,0.6772727370262146,0.5533861517906189,0.0010000000474974513,100
101,0.5516547939994119,0.6727272868156433,0.5516547560691833,0.5508763031526045,0.6772727370262146,0.550876259803772,0.0010000000474974513,101
102,0.550639347596602,0.6727272868156433,0.5506393313407898,0.5487792220982638,0.6772727370262146,0.5487791895866394,0.0010000000474974513,102
103,0.5487306714057922,0.6727272868156433,0.5487306714057922,0.5468895706263456,0.6772727370262146,0.54688960313797,0.0010000000474974513,103
104,0.5468261241912842,0.6727272868156433,0.5468261241912842,0.5456992875445973,0.6818181872367859,0.5456992983818054,0.0010000000474974513,104
105,0.5452991453084078,0.6727272868156433,0.5452991724014282,0.5434829050844366,0.6818181872367859,0.5434829592704773,0.0010000000474974513,105
106,0.5434196212074973,0.6727272868156433,0.543419599533081,0.5421107330105521,0.6818181872367859,0.5421107411384583,0.0010000000474974513,106
107,0.5419397029009733,0.6727272868156433,0.5419397354125977,0.5410501686009493,0.6772727370262146,0.5410501956939697,0.0010000000474974513,107
108,0.5417374426668341,0.668181836605072,0.54173743724823,0.5410106073726307,0.6818181872367859,0.5410106182098389,0.0010000000474974513,108
109,0.5391085527159951,0.6727272868156433,0.5391085743904114,0.5381453091448004,0.6818181872367859,0.5381452441215515,0.0010000000474974513,109
110,0.5373394597660411,0.6727272868156433,0.5373395085334778,0.5360240692442114,0.6863636374473572,0.5360240340232849,0.0010000000474974513,110
111,0.5351543263955549,0.6727272868156433,0.5351543426513672,0.5337700627066873,0.6863636374473572,0.5337700843811035,0.0010000000474974513,111
112,0.5337268655950372,0.6727272868156433,0.5337268710136414,0.5313508022915233,0.6818181872367859,0.5313507914543152,0.0010000000474974513,112
113,0.5318665098060261,0.6727272868156433,0.5318664908409119,0.5291526317596436,0.6818181872367859,0.5291526317596436,0.0010000000474974513,113
114,0.5303234566341747,0.6772727370262146,0.5303235054016113,0.5287315086884932,0.6909090876579285,0.5287314653396606,0.0010000000474974513,114
115,0.5284668044610457,0.6727272868156433,0.5284667611122131,0.526778909293088,0.6954545378684998,0.5267788767814636,0.0010000000474974513,115
116,0.5266075188463385,0.6727272868156433,0.5266075730323792,0.5245909690856934,0.6954545378684998,0.5245909690856934,0.0010000000474974513,116
117,0.5248431455005299,0.6727272868156433,0.524843156337738,0.5224899324503812,0.6954545378684998,0.5224899053573608,0.0010000000474974513,117
118,0.5225404013286937,0.6727272868156433,0.5225404500961304,0.5209423818371512,0.699999988079071,0.5209423899650574,0.0010000000474974513,118
119,0.5212789340452715,0.6727272868156433,0.5212789177894592,0.5180641304362904,0.6909090876579285,0.5180641412734985,0.0010000000474974513,119
120,0.5188074653798883,0.6727272868156433,0.5188074707984924,0.5151983878829263,0.6954545378684998,0.5151983499526978,0.0010000000474974513,120
121,0.5173827897418629,0.6772727370262146,0.517382800579071,0.5141622424125671,0.7090908885002136,0.5141622424125671,0.0010000000474974513,121
122,0.5149077041582628,0.6863636374473572,0.514907717704773,0.5120840235189958,0.7090908885002136,0.5120840072631836,0.0010000000474974513,122
123,0.5122672590342435,0.6863636374473572,0.5122672915458679,0.5069877857511694,0.7045454382896423,0.5069877505302429,0.0010000000474974513,123
124,0.508245354348963,0.6954545378684998,0.5082453489303589,0.5058314529332247,0.7136363387107849,0.5058314800262451,0.0010000000474974513,124
125,0.5062801512804899,0.6954545378684998,0.5062801241874695,0.5048806504769758,0.7136363387107849,0.5048806667327881,0.0010000000474974513,125
126,0.5045152902603149,0.699999988079071,0.5045152902603149,0.5028129870241339,0.7181817889213562,0.5028129816055298,0.0010000000474974513,126
127,0.5020254850387573,0.6954545378684998,0.5020254850387573,0.49947234175421973,0.7181817889213562,0.49947234988212585,0.0010000000474974513,127
128,0.5006998831575568,0.699999988079071,0.5006998777389526,0.49837141687219794,0.7136363387107849,0.4983713924884796,0.0010000000474974513,128
129,0.49853451685471967,0.6954545378684998,0.49853450059890747,0.4975668625398116,0.7136363387107849,0.4975668489933014,0.0010000000474974513,129
130,0.4968807968226346,0.699999988079071,0.49688079953193665,0.49660573222420434,0.7181817889213562,0.4966057538986206,0.0010000000474974513,130
131,0.4948671135035428,0.7045454382896423,0.49486711621284485,0.4946424961090088,0.7181817889213562,0.4946424961090088,0.0010000000474974513,131
132,0.4934641881422563,0.7045454382896423,0.4934641718864441,0.49271040071140637,0.7181817889213562,0.4927104115486145,0.0010000000474974513,132
133,0.4928573153235696,0.699999988079071,0.49285733699798584,0.4899098439650102,0.7227272987365723,0.4899098575115204,0.0010000000474974513,133
134,0.4904649013822729,0.7136363387107849,0.4904648959636688,0.4904602440920743,0.7272727489471436,0.49046027660369873,0.0010000000474974513,134
135,0.48879567872394214,0.7227272987365723,0.4887956380844116,0.4877079264684157,0.7318181991577148,0.4877079427242279,0.0010000000474974513,135
136,0.4863090054555373,0.7181817889213562,0.4863089919090271,0.48488350348039105,0.7272727489471436,0.48488354682922363,0.0010000000474974513,136
137,0.4857479144226421,0.7090908885002136,0.48574790358543396,0.4837248948487369,0.7227272987365723,0.4837248623371124,0.0010000000474974513,137
138,0.4830749278718775,0.7272727489471436,0.48307496309280396,0.48428521102124994,0.7227272987365723,0.4842851758003235,0.0010000000474974513,138
139,0.48144367608157074,0.7181817889213562,0.4814436435699463,0.4829664880579168,0.7272727489471436,0.48296648263931274,0.0010000000474974513,139
140,0.4790557622909546,0.7181817889213562,0.4790557026863098,0.4807184203104539,0.7272727489471436,0.4807184338569641,0.0010000000474974513,140
141,0.4770473133433949,0.7181817889213562,0.477047324180603,0.477373253215443,0.7272727489471436,0.4773732125759125,0.0010000000474974513,141
142,0.47558819163929333,0.7272727489471436,0.4755881428718567,0.4750305576757951,0.7272727489471436,0.4750306010246277,0.0010000000474974513,142
143,0.47333634712479333,0.7227272987365723,0.4733363389968872,0.4741028845310211,0.7318181991577148,0.4741028845310211,0.0010000000474974513,143
144,0.47144094380465423,0.7272727489471436,0.47144097089767456,0.473191499710083,0.7363636493682861,0.473191499710083,0.0010000000474974513,144
145,0.47012328017841687,0.7318181991577148,0.4701232612133026,0.47096302834424103,0.7363636493682861,0.4709630310535431,0.0010000000474974513,145
146,0.4675261269916188,0.7318181991577148,0.4675261378288269,0.4695747061209245,0.7318181991577148,0.4695746600627899,0.0010000000474974513,146
147,0.46535246209664777,0.7363636493682861,0.46535244584083557,0.4680410623550415,0.7318181991577148,0.4680410921573639,0.0010000000474974513,147
148,0.4635127809914676,0.7409090995788574,0.4635127782821655,0.466388312253085,0.7318181991577148,0.4663882851600647,0.0010000000474974513,148
149,0.46218020536682825,0.7409090995788574,0.4621802270412445,0.46385321562940424,0.7318181991577148,0.46385321021080017,0.0010000000474974513,149
150,0.45956443656574597,0.7409090995788574,0.4595644176006317,0.4642724774100564,0.7409090995788574,0.46427252888679504,0.0010000000474974513,150
151,0.4579185464165427,0.7409090995788574,0.45791855454444885,0.46222688393159345,0.7409090995788574,0.46222686767578125,0.0010000000474974513,151
152,0.45576468922875146,0.7409090995788574,0.4557647109031677,0.4603350975296714,0.7363636493682861,0.4603350758552551,0.0010000000474974513,152
153,0.4534895799376748,0.7409090995788574,0.4534895718097687,0.45735707066275855,0.7363636493682861,0.4573570489883423,0.0010000000474974513,153
154,0.4525258080525832,0.7454545497894287,0.4525258243083954,0.45673690058968286,0.75,0.4567369222640991,0.0010000000474974513,154
155,0.4491621337153695,0.7454545497894287,0.4491621255874634,0.45354752107100055,0.7454545497894287,0.45354753732681274,0.0010000000474974513,155
156,0.44647885181687097,0.7454545497894287,0.44647887349128723,0.4508499367670579,0.7363636493682861,0.4508499503135681,0.0010000000474974513,156
157,0.44703552397814666,0.7409090995788574,0.4470355212688446,0.4487940587780692,0.7363636493682861,0.44879406690597534,0.0010000000474974513,157
158,0.44276614622636273,0.7454545497894287,0.4427661597728729,0.44997661222111096,0.75,0.4499766230583191,0.0010000000474974513,158
159,0.4401577115058899,0.7409090995788574,0.4401577413082123,0.4493705251000144,0.7454545497894287,0.44937053322792053,0.0010000000474974513,159
160,0.4383815256032077,0.75,0.438381552696228,0.44579024477438495,0.7454545497894287,0.44579023122787476,0.0010000000474974513,160
161,0.4355161190032959,0.75,0.4355161488056183,0.44352671233090485,0.7545454502105713,0.4435267448425293,0.0010000000474974513,161
162,0.4332008957862854,0.75,0.4332008957862854,0.4405252120711587,0.7590909004211426,0.44052520394325256,0.0010000000474974513,162
163,0.4312088977206837,0.75,0.43120890855789185,0.43890594894235785,0.7636363506317139,0.4389059543609619,0.0010000000474974513,163
164,0.42929212613539264,0.7545454502105713,0.42929211258888245,0.43707632476633246,0.7681818008422852,0.43707630038261414,0.0010000000474974513,164
165,0.4264984130859375,0.7454545497894287,0.4264984130859375,0.43499200723387976,0.7681818008422852,0.4349920153617859,0.0010000000474974513,165
166,0.42472752115943213,0.75,0.42472752928733826,0.433810830116272,0.7772727012634277,0.433810830116272,0.0010000000474974513,166
167,0.42221208864992316,0.7590909004211426,0.4222120940685272,0.43255291472781787,0.7727272510528564,0.43255293369293213,0.0010000000474974513,167
168,0.42012484778057446,0.7590909004211426,0.4201248586177826,0.43126819079572504,0.7681818008422852,0.43126818537712097,0.0010000000474974513,168
169,0.4174273230812766,0.7727272510528564,0.41742733120918274,0.42968904972076416,0.7818182110786438,0.42968904972076416,0.0010000000474974513,169
170,0.4156502756205472,0.7772727012634277,0.41565027832984924,0.4255060011690313,0.7863636612892151,0.42550599575042725,0.0010000000474974513,170
171,0.4132074876265092,0.7727272510528564,0.41320744156837463,0.42302875356240704,0.7863636612892151,0.42302876710891724,0.0010000000474974513,171
172,0.4110624302517284,0.7863636612892151,0.41106241941452026,0.42135424234650354,0.7863636612892151,0.4213542640209198,0.0010000000474974513,172
173,0.4088492583144795,0.7863636612892151,0.40884923934936523,0.4201251539317044,0.7863636612892151,0.42012515664100647,0.0010000000474974513,173
174,0.40746015310287476,0.7863636612892151,0.40746012330055237,0.4180701049891385,0.7909091114997864,0.41807007789611816,0.0010000000474974513,174
175,0.405021759596738,0.7772727012634277,0.4050217568874359,0.4179780022664504,0.7954545617103577,0.4179780185222626,0.0010000000474974513,175
176,0.40164846181869507,0.8045454621315002,0.40164846181869507,0.4149736924604936,0.800000011920929,0.414973646402359,0.0010000000474974513,176
177,0.3993592316454107,0.8227272629737854,0.39935922622680664,0.4121552218090404,0.8136363625526428,0.41215524077415466,0.0010000000474974513,177
178,0.39777976816350763,0.8227272629737854,0.39777976274490356,0.41008654778653925,0.8181818127632141,0.4100865423679352,0.0010000000474974513,178
179,0.39445430582219904,0.8363636136054993,0.39445433020591736,0.40764161673459137,0.8181818127632141,0.40764158964157104,0.0010000000474974513,179
180,0.39269772984764795,0.8363636136054993,0.3926977217197418,0.4056725122711875,0.8272727131843567,0.40567252039909363,0.0010000000474974513,180
181,0.39175362478603015,0.831818163394928,0.39175358414649963,0.4051289368759502,0.8227272629737854,0.40512895584106445,0.0010000000474974513,181
182,0.38793745095079596,0.8363636136054993,0.3879374563694,0.4042985899881883,0.8227272629737854,0.4042986035346985,0.0010000000474974513,182
183,0.3855854029005224,0.8454545736312866,0.38558539748191833,0.4022026766430248,0.8272727131843567,0.40220269560813904,0.0010000000474974513,183
184,0.38399079712954437,0.8500000238418579,0.3839907646179199,0.3996001183986664,0.8272727131843567,0.3996001183986664,0.0010000000474974513,184
185,0.3825580884109844,0.8409090638160706,0.38255810737609863,0.39744306152517145,0.8272727131843567,0.39744308590888977,0.0010000000474974513,185
186,0.37899321859533136,0.8454545736312866,0.3789931833744049,0.3964977426962419,0.8272727131843567,0.3964977562427521,0.0010000000474974513,186
187,0.3792250779542056,0.8454545736312866,0.37922507524490356,0.39530376954512164,0.8272727131843567,0.39530375599861145,0.0010000000474974513,187
188,0.3758579736406153,0.8545454740524292,0.375857949256897,0.39070773124694824,0.8272727131843567,0.39070773124694824,0.0010000000474974513,188
189,0.3734119182283228,0.8545454740524292,0.3734118938446045,0.38832262429324066,0.8454545736312866,0.3883226215839386,0.0010000000474974513,189
190,0.372728938406164,0.8454545736312866,0.37272894382476807,0.3873455903746865,0.8409090638160706,0.3873455822467804,0.0010000000474974513,190
191,0.3696982914751226,0.8500000238418579,0.36969825625419617,0.3868465179746801,0.831818163394928,0.38684651255607605,0.0010000000474974513,191
192,0.3669395392591303,0.8545454740524292,0.3669395446777344,0.3848536095835946,0.8454545736312866,0.38485363125801086,0.0010000000474974513,192
193,0.3645943592895161,0.8590909242630005,0.36459437012672424,0.38408357988704334,0.8409090638160706,0.3840835690498352,0.0010000000474974513,193
194,0.3635658919811249,0.8590909242630005,0.3635658919811249,0.38420177047902887,0.8454545736312866,0.3842017352581024,0.0010000000474974513,194
195,0.3610477122393521,0.8636363744735718,0.3610477149486542,0.38010753284801135,0.8500000238418579,0.3801075220108032,0.0010000000474974513,195
196,0.35846095464446326,0.8727272748947144,0.3584609627723694,0.3754242089661685,0.8545454740524292,0.37542420625686646,0.0010000000474974513,196
197,0.35743182084777136,0.8727272748947144,0.3574318289756775,0.37351453033360565,0.8500000238418579,0.3735145628452301,0.0010000000474974513,197
198,0.3545445203781128,0.8772727251052856,0.3545445203781128,0.37240979888222436,0.8500000238418579,0.37240979075431824,0.0010000000474974513,198
199,0.35221256993033667,0.8772727251052856,0.3522126078605652,0.3717548278245059,0.8500000238418579,0.37175482511520386,0.0010000000474974513,199
200,0.3510199785232544,0.8818181753158569,0.3510199785232544,0.3723741553046487,0.8500000238418579,0.37237417697906494,0.0010000000474974513,200
201,0.34907219084826385,0.8727272748947144,0.3490721881389618,0.3696537668054754,0.8500000238418579,0.36965376138687134,0.0010000000474974513,201
202,0.34684828194704925,0.8863636255264282,0.3468482494354248,0.3674379966475747,0.8500000238418579,0.3674379885196686,0.0010000000474974513,202
203,0.34411537511782214,0.8909090757369995,0.34411537647247314,0.36422354118390515,0.8500000238418579,0.36422353982925415,0.0010000000474974513,203
204,0.3427406766197898,0.8909090757369995,0.34274065494537354,0.3619955263354562,0.8590909242630005,0.36199551820755005,0.0010000000474974513,204
205,0.3418791212818839,0.8999999761581421,0.34187909960746765,0.36135677857832477,0.8545454740524292,0.3613567650318146,0.0010000000474974513,205
206,0.33744980801235547,0.9045454263687134,0.3374498188495636,0.3586551953445781,0.8681818246841431,0.3586552143096924,0.0010000000474974513,206
207,0.335980623960495,0.9045454263687134,0.3359805941581726,0.35778625444932416,0.8590909242630005,0.35778626799583435,0.0010000000474974513,207
208,0.334976696155288,0.8999999761581421,0.3349766731262207,0.35585557330738415,0.8590909242630005,0.3558555841445923,0.0010000000474974513,208
209,0.33244988322257996,0.9045454263687134,0.33244988322257996,0.35545364022254944,0.8545454740524292,0.35545364022254944,0.0010000000474974513,209
210,0.3305136886509982,0.9045454263687134,0.33051368594169617,0.3540584932674061,0.8590909242630005,0.35405850410461426,0.0010000000474974513,210
211,0.32789794965223834,0.9045454263687134,0.32789796590805054,0.35228516296906903,0.8636363744735718,0.3522851765155792,0.0010000000474974513,211
212,0.32673157074234704,0.8999999761581421,0.3267315626144409,0.3507058620452881,0.8636363744735718,0.3507058918476105,0.0010000000474974513,212
213,0.3251925327561118,0.9045454263687134,0.32519254088401794,0.34953145547346637,0.8681818246841431,0.3495314419269562,0.0010000000474974513,213
214,0.3234159431674264,0.9136363863945007,0.32341593503952026,0.34754687547683716,0.8636363744735718,0.34754687547683716,0.0010000000474974513,214
215,0.32150238210504706,0.9090909361839294,0.3215023875236511,0.34399152072993194,0.8636363744735718,0.3439915180206299,0.0010000000474974513,215
216,0.3192862732843919,0.9045454263687134,0.3192862868309021,0.34323447942733765,0.8636363744735718,0.34323444962501526,0.0010000000474974513,216
217,0.3177568018436432,0.9045454263687134,0.3177568316459656,0.34181456809694116,0.8636363744735718,0.3418145179748535,0.0010000000474974513,217
218,0.3150602633302862,0.9045454263687134,0.31506025791168213,0.3398045301437378,0.8636363744735718,0.3398045301437378,0.0010000000474974513,218
219,0.3139466507868333,0.9045454263687134,0.3139466643333435,0.33708551255139435,0.8681818246841431,0.3370855152606964,0.0010000000474974513,219
220,0.3114330931143327,0.9045454263687134,0.3114331066608429,0.33655490387569775,0.8636363744735718,0.3365548849105835,0.0010000000474974513,220
221,0.31085996194319293,0.9136363863945007,0.31085994839668274,0.3338331634348089,0.8590909242630005,0.3338331878185272,0.0010000000474974513,221
222,0.30808583714745263,0.9090909361839294,0.3080858290195465,0.33304692669348285,0.8636363744735718,0.33304694294929504,0.0010000000474974513,222
223,0.3060101731257005,0.8999999761581421,0.3060101866722107,0.3306365202773701,0.8636363744735718,0.33063653111457825,0.0010000000474974513,223
224,0.3062697486443953,0.9045454263687134,0.30626973509788513,0.32976134798743506,0.8681818246841431,0.3297613263130188,0.0010000000474974513,224
225,0.3029461286284707,0.9045454263687134,0.3029461205005646,0.32800288092006336,0.8681818246841431,0.3280028700828552,0.0010000000474974513,225
226,0.3004684380509637,0.9045454263687134,0.30046844482421875,0.3258631391958757,0.8681818246841431,0.3258631229400635,0.0010000000474974513,226
227,0.299362605268305,0.9090909361839294,0.2993625998497009,0.3259522860700434,0.8681818246841431,0.3259522616863251,0.0010000000474974513,227
228,0.29698860103433783,0.9227272868156433,0.2969886064529419,0.32468399134549225,0.8636363744735718,0.3246839940547943,0.0010000000474974513,228
229,0.2951414612206546,0.9045454263687134,0.29514145851135254,0.3227528509768573,0.8590909242630005,0.32275286316871643,0.0010000000474974513,229
230,0.2942661236632954,0.9045454263687134,0.29426613450050354,0.3202324455434626,0.8545454740524292,0.32023242115974426,0.0010000000474974513,230
231,0.29169291257858276,0.8999999761581421,0.29169291257858276,0.3187843073498119,0.8545454740524292,0.31878429651260376,0.0010000000474974513,231
232,0.2892571890896017,0.918181836605072,0.2892571985721588,0.3179374770684676,0.8590909242630005,0.3179374635219574,0.0010000000474974513,232
233,0.28866868398406287,0.9090909361839294,0.288668692111969,0.31724581664258783,0.8545454740524292,0.3172457814216614,0.0010000000474974513,233
234,0.2856274057518352,0.9090909361839294,0.2856273949146271,0.31444392691959033,0.8545454740524292,0.3144438862800598,0.0010000000474974513,234
235,0.2841592322696339,0.9136363863945007,0.28415921330451965,0.31251849369569257,0.8636363744735718,0.31251850724220276,0.0010000000474974513,235
236,0.28352842005816375,0.9136363863945007,0.2835284173488617,0.31283946470780805,0.8681818246841431,0.31283944845199585,0.0010000000474974513,236
237,0.28016608682545746,0.918181836605072,0.28016605973243713,0.3099347705190832,0.8681818246841431,0.3099347949028015,0.0010000000474974513,237
238,0.2784234447912736,0.9227272868156433,0.2784234583377838,0.30858986350623047,0.8590909242630005,0.3085898756980896,0.0010000000474974513,238
239,0.27736572650345886,0.9090909361839294,0.27736571431159973,0.3096402179111134,0.8500000238418579,0.30964022874832153,0.0010000000474974513,239
240,0.2758400711146268,0.9090909361839294,0.27584007382392883,0.308939746835015,0.8545454740524292,0.30893969535827637,0.0010000000474974513,240
241,0.2752769914540378,0.9136363863945007,0.2752769887447357,0.30467750267548993,0.8590909242630005,0.3046775162220001,0.0010000000474974513,241
242,0.27257168563929474,0.9136363863945007,0.27257171273231506,0.3022765679792924,0.8681818246841431,0.3022765815258026,0.0010000000474974513,242
243,0.27165513417937537,0.9136363863945007,0.2716551423072815,0.3010568483309312,0.8681818246841431,0.301056832075119,0.0010000000474974513,243
244,0.2696550461378964,0.918181836605072,0.2696550488471985,0.30065304853699426,0.8772727251052856,0.30065304040908813,0.0010000000474974513,244
245,0.2680725929411975,0.9227272868156433,0.26807260513305664,0.3001387227665294,0.8681818246841431,0.3001387119293213,0.0010000000474974513,245
246,0.2663799280470068,0.918181836605072,0.2663799226284027,0.2984307381239804,0.8636363744735718,0.29843074083328247,0.0010000000474974513,246
247,0.2643293928016316,0.9136363863945007,0.2643294036388397,0.29720740155740216,0.8772727251052856,0.29720738530158997,0.0010000000474974513,247
248,0.26351802999323065,0.9227272868156433,0.2635180354118347,0.29562642628496344,0.8772727251052856,0.2956264019012451,0.0010000000474974513,248
249,0.2619440040805123,0.9227272868156433,0.2619439959526062,0.29401317645202985,0.8727272748947144,0.2940131723880768,0.0010000000474974513,249
250,0.2595181099393151,0.9136363863945007,0.2595181167125702,0.29367952997034247,0.8636363744735718,0.29367953538894653,0.0010000000474974513,250
251,0.2595216848633506,0.9045454263687134,0.2595216929912567,0.2932725088162856,0.8636363744735718,0.2932724952697754,0.0010000000474974513,251
252,0.2579564994031733,0.9136363863945007,0.25795650482177734,0.2918564189564098,0.8727272748947144,0.29185640811920166,0.0010000000474974513,252
253,0.25580556013367395,0.918181836605072,0.2558055520057678,0.29078436168757354,0.8772727251052856,0.2907843589782715,0.0010000000474974513,253
254,0.25403311577710236,0.9227272868156433,0.2540331184864044,0.29029504277489404,0.8727272748947144,0.2902950346469879,0.0010000000474974513,254
255,0.2532649649815126,0.9272727370262146,0.2532649338245392,0.2896834909915924,0.8681818246841431,0.2896834909915924,0.0010000000474974513,255
256,0.2519254982471466,0.9227272868156433,0.2519254982471466,0.2878975814039057,0.8727272748947144,0.28789758682250977,0.0010000000474974513,256
257,0.25009849532084033,0.9272727370262146,0.25009849667549133,0.2866517901420593,0.8727272748947144,0.2866517901420593,0.0010000000474974513,257
258,0.2525664107366042,0.9318181872367859,0.252566397190094,0.2855073240670291,0.8772727251052856,0.28550735116004944,0.0010000000474974513,258
259,0.2472104565663771,0.9272727370262146,0.24721045792102814,0.2833279858935963,0.8681818246841431,0.28332799673080444,0.0010000000474974513,259
260,0.25034420598636975,0.918181836605072,0.2503442168235779,0.28370347077196295,0.8636363744735718,0.28370344638824463,0.0010000000474974513,260
261,0.24712911519137296,0.9272727370262146,0.24712912738323212,0.28383705561811273,0.8772727251052856,0.28383705019950867,0.0010000000474974513,261
262,0.2446496066722003,0.9363636374473572,0.24464960396289825,0.2838831869038669,0.8772727251052856,0.2838831841945648,0.0010000000474974513,262
263,0.243346016515385,0.9363636374473572,0.24334602057933807,0.28172099048441107,0.8681818246841431,0.28172096610069275,0.0010000000474974513,263
264,0.24082854254679245,0.9272727370262146,0.2408285290002823,0.280571159991351,0.8727272748947144,0.2805711627006531,0.0010000000474974513,264
265,0.24027980457652698,0.9272727370262146,0.24027980864048004,0.279283343390985,0.8727272748947144,0.279283344745636,0.0010000000474974513,265
266,0.23908575827425177,0.9272727370262146,0.23908576369285583,0.278623255816373,0.8727272748947144,0.2786232829093933,0.0010000000474974513,266
267,0.2383037805557251,0.9363636374473572,0.2383037805557251,0.27884805473414337,0.8772727251052856,0.2788480520248413,0.0010000000474974513,267
268,0.2373103065924211,0.9318181872367859,0.23731030523777008,0.2786535376852209,0.8727272748947144,0.2786535322666168,0.0010000000474974513,268
269,0.23571009798483414,0.9363636374473572,0.23571011424064636,0.27711160345511004,0.8772727251052856,0.27711158990859985,0.0010000000474974513,269
270,0.23484077914194626,0.9363636374473572,0.23484079539775848,0.27705232392657886,0.8772727251052856,0.2770523428916931,0.0010000000474974513,270
271,0.2331343347376043,0.9318181872367859,0.23313431441783905,0.27661877599629486,0.8636363744735718,0.2766187787055969,0.0010000000474974513,271
272,0.23318092254075137,0.918181836605072,0.2331809252500534,0.275924877686934,0.8636363744735718,0.2759248614311218,0.0010000000474974513,272
273,0.23230292038484054,0.9227272868156433,0.23230291903018951,0.2754767293279821,0.8727272748947144,0.27547669410705566,0.0010000000474974513,273
274,0.2302786409854889,0.9272727370262146,0.2302786409854889,0.2737524319778789,0.8727272748947144,0.27375245094299316,0.0010000000474974513,274
275,0.2311545949090611,0.9318181872367859,0.23115457594394684,0.27230737155134027,0.8772727251052856,0.2723073661327362,0.0010000000474974513,275
276,0.23165032809430902,0.918181836605072,0.23165032267570496,0.2710965492508628,0.8590909242630005,0.2710965573787689,0.0010000000474974513,276
277,0.23034809936176648,0.9227272868156433,0.23034808039665222,0.2703040188009089,0.8727272748947144,0.27030402421951294,0.0010000000474974513,277
278,0.22744116999886252,0.9363636374473572,0.22744116187095642,0.2709364322098819,0.8681818246841431,0.27093642950057983,0.0010000000474974513,278
279,0.2262937074357813,0.9318181872367859,0.22629369795322418,0.2702947800809687,0.8727272748947144,0.27029478549957275,0.0010000000474974513,279
280,0.2244957373900847,0.9318181872367859,0.2244957536458969,0.2682155424898321,0.8681818246841431,0.268215537071228,0.0010000000474974513,280
281,0.2248487635092302,0.9318181872367859,0.22484876215457916,0.2674027247862382,0.8727272748947144,0.267402708530426,0.0010000000474974513,281
282,0.22391024231910706,0.9363636374473572,0.22391022741794586,0.2658525082198056,0.8727272748947144,0.2658524811267853,0.0010000000474974513,282
283,0.22289557484063235,0.9318181872367859,0.2228955775499344,0.2644031833518635,0.8727272748947144,0.26440319418907166,0.0010000000474974513,283
284,0.2228925661607222,0.9363636374473572,0.22289258241653442,0.2649387459863316,0.8727272748947144,0.26493874192237854,0.0010000000474974513,284
285,0.21995642916722732,0.9363636374473572,0.2199564278125763,0.26466903361407196,0.8772727251052856,0.2646690309047699,0.0010000000474974513,285
286,0.2191423394463279,0.9363636374473572,0.219142347574234,0.26437360590154474,0.8727272748947144,0.2643736004829407,0.0010000000474974513,286
287,0.21816118603402918,0.9272727370262146,0.2181611955165863,0.2632388093254783,0.8727272748947144,0.2632388174533844,0.0010000000474974513,287
288,0.21745329417965628,0.9318181872367859,0.21745330095291138,0.263367161154747,0.8727272748947144,0.2633671462535858,0.0010000000474974513,288
289,0.21783332933079114,0.9363636374473572,0.21783332526683807,0.2623207833279263,0.8772727251052856,0.26232078671455383,0.0010000000474974513,289
290,0.21571930972012607,0.9409090876579285,0.2157192975282669,0.2611351663416082,0.8772727251052856,0.26113516092300415,0.0010000000474974513,290
291,0.21552496606653387,0.9454545378684998,0.21552498638629913,0.2596852630376816,0.8772727251052856,0.2596852779388428,0.0010000000474974513,291
292,0.2144241603938016,0.9454545378684998,0.21442416310310364,0.2590172710743817,0.8727272748947144,0.2590172588825226,0.0010000000474974513,292
293,0.21405171264301648,0.9409090876579285,0.21405170857906342,0.2584333352067254,0.8772727251052856,0.25843334197998047,0.0010000000474974513,293
294,0.21248575909571213,0.9409090876579285,0.21248576045036316,0.257536075331948,0.8772727251052856,0.2575360834598541,0.0010000000474974513,294
295,0.2115587673404,0.9409090876579285,0.2115587592124939,0.2575488876212727,0.8727272748947144,0.25754889845848083,0.0010000000474974513,295
296,0.21064523675224997,0.9318181872367859,0.21064524352550507,0.25772161375392566,0.8727272748947144,0.25772160291671753,0.0010000000474974513,296
297,0.20959206331859936,0.9363636374473572,0.2095920592546463,0.25710571625015954,0.8727272748947144,0.2571057081222534,0.0010000000474974513,297
298,0.20888177915052933,0.9409090876579285,0.20888179540634155,0.2560114860534668,0.8727272748947144,0.2560114860534668,0.0010000000474974513,298
299,0.20825610919432205,0.9409090876579285,0.2082560956478119,0.2566421519626271,0.8727272748947144,0.2566421627998352,0.0010000000474974513,299
300,0.2075506475838748,0.9409090876579285,0.20755065977573395,0.25608705661513587,0.8727272748947144,0.2560870349407196,0.0010000000474974513,300
301,0.20760319991545242,0.9454545378684998,0.20760320127010345,0.2543045241724361,0.8727272748947144,0.25430452823638916,0.0010000000474974513,301
302,0.20691476491364566,0.9454545378684998,0.2069147676229477,0.2537542906674472,0.8727272748947144,0.25375431776046753,0.0010000000474974513,302
303,0.2058480436151678,0.9454545378684998,0.20584803819656372,0.2549614648927342,0.8727272748947144,0.25496146082878113,0.0010000000474974513,303
304,0.20398230850696564,0.949999988079071,0.20398227870464325,0.2522800456393849,0.8772727251052856,0.252280056476593,0.0010000000474974513,304
305,0.20385241508483887,0.9409090876579285,0.20385241508483887,0.25167707963423297,0.8863636255264282,0.2516770660877228,0.0010000000474974513,305
306,0.20316350595517593,0.9409090876579285,0.2031635046005249,0.25175982171838934,0.8772727251052856,0.2517598271369934,0.0010000000474974513,306
307,0.20234917510639538,0.9363636374473572,0.20234915614128113,0.2520019168203527,0.8772727251052856,0.25200191140174866,0.0010000000474974513,307
308,0.20117268779061057,0.9363636374473572,0.20117267966270447,0.25238601863384247,0.8818181753158569,0.2523860037326813,0.0010000000474974513,308
309,0.2012247849594463,0.9454545378684998,0.20122477412223816,0.2513580891219052,0.8863636255264282,0.2513580918312073,0.0010000000474974513,309
310,0.2003809782591733,0.949999988079071,0.20038098096847534,0.25135964967987756,0.8772727251052856,0.25135964155197144,0.0010000000474974513,310
311,0.19865688410672275,0.949999988079071,0.19865688681602478,0.2501376217061823,0.8909090757369995,0.2501376271247864,0.0010000000474974513,311
312,0.19860178367658096,0.949999988079071,0.19860176742076874,0.25010194832628424,0.8863636255264282,0.2501019537448883,0.0010000000474974513,312
313,0.1979948322881352,0.949999988079071,0.19799482822418213,0.24854422428391196,0.8818181753158569,0.24854424595832825,0.0010000000474974513,313
314,0.19854929501360113,0.9454545378684998,0.198549285531044,0.24948524615981363,0.8772727251052856,0.24948522448539734,0.0010000000474974513,314
315,0.19688921895894138,0.9454545378684998,0.1968892216682434,0.24825276298956436,0.8818181753158569,0.2482527643442154,0.0010000000474974513,315
316,0.19540839980949054,0.949999988079071,0.1954084038734436,0.24837550520896912,0.8818181753158569,0.24837550520896912,0.0010000000474974513,316
317,0.19523527405478738,0.9409090876579285,0.1952352672815323,0.2473804016004909,0.8772727251052856,0.24738040566444397,0.0010000000474974513,317
318,0.19484190778298813,0.9409090876579285,0.1948419064283371,0.24565622887828134,0.8772727251052856,0.24565623700618744,0.0010000000474974513,318
319,0.1935586448420178,0.949999988079071,0.19355866312980652,0.24596122042699295,0.8909090757369995,0.24596121907234192,0.0010000000474974513,319
320,0.1928272626616738,0.949999988079071,0.1928272545337677,0.24595767124132675,0.8863636255264282,0.24595767259597778,0.0010000000474974513,320
321,0.19296294179829684,0.949999988079071,0.19296294450759888,0.24533265016295694,0.8863636255264282,0.24533267319202423,0.0010000000474974513,321
322,0.19169565764340488,0.949999988079071,0.1916956603527069,0.24424412846565247,0.8818181753158569,0.24424412846565247,0.0010000000474974513,322
323,0.1912683289159428,0.949999988079071,0.19126830995082855,0.2430105209350586,0.8772727251052856,0.2430105209350586,0.0010000000474974513,323
324,0.18973917988213626,0.949999988079071,0.1897391825914383,0.2441092458638278,0.8818181753158569,0.24410924315452576,0.0010000000474974513,324
325,0.18925862556154077,0.949999988079071,0.1892586201429367,0.24424221840771762,0.8909090757369995,0.24424222111701965,0.0010000000474974513,325
326,0.18913696706295013,0.949999988079071,0.18913696706295013,0.24328281662680887,0.8909090757369995,0.24328280985355377,0.0010000000474974513,326
327,0.18927229128100656,0.949999988079071,0.18927228450775146,0.2418178137053143,0.8909090757369995,0.24181778728961945,0.0010000000474974513,327
328,0.1875428638674996,0.949999988079071,0.1875428706407547,0.24193855578249152,0.8863636255264282,0.2419385462999344,0.0010000000474974513,328
329,0.18739229372956537,0.949999988079071,0.18739227950572968,0.24219153956933456,0.8863636255264282,0.24219152331352234,0.0010000000474974513,329
330,0.18557122349739075,0.949999988079071,0.18557122349739075,0.2417378371412104,0.8772727251052856,0.24173785746097565,0.0010000000474974513,330
331,0.18593805757435886,0.9409090876579285,0.1859380602836609,0.24087504365227438,0.8863636255264282,0.24087506532669067,0.0010000000474974513,331
332,0.18510927801782434,0.9409090876579285,0.18510927259922028,0.2405600683255629,0.8909090757369995,0.24056006968021393,0.0010000000474974513,332
333,0.1846979260444641,0.949999988079071,0.18469791114330292,0.2387051758441058,0.8909090757369995,0.23870518803596497,0.0010000000474974513,333
334,0.18340834162452005,0.949999988079071,0.18340834975242615,0.2375351759520444,0.8909090757369995,0.23753516376018524,0.0010000000474974513,334
335,0.18317403305660596,0.9454545378684998,0.1831740438938141,0.23674942417578262,0.8863636255264282,0.23674944043159485,0.0010000000474974513,335
336,0.18358520621603186,0.9545454382896423,0.18358519673347473,0.2366116155277599,0.8818181753158569,0.23661161959171295,0.0010000000474974513,336
337,0.18276497179811652,0.9545454382896423,0.18276497721672058,0.2367090339010412,0.8909090757369995,0.23670904338359833,0.0010000000474974513,337
338,0.18136784705248746,0.9545454382896423,0.18136785924434662,0.2361610152504661,0.8909090757369995,0.236161008477211,0.0010000000474974513,338
339,0.18108679083260623,0.9545454382896423,0.18108677864074707,0.2352160174738277,0.8863636255264282,0.23521603643894196,0.0010000000474974513,339
340,0.18065890127962286,0.9545454382896423,0.18065889179706573,0.23453225872733377,0.8863636255264282,0.23453223705291748,0.0010000000474974513,340
341,0.18324872580441562,0.9454545378684998,0.18324872851371765,0.23541248792951758,0.8863636255264282,0.23541249334812164,0.0010000000474974513,341
342,0.1776614162054929,0.9545454382896423,0.17766143381595612,0.23508776724338531,0.8818181753158569,0.2350877821445465,0.0010000000474974513,342
343,0.17991068146445535,0.9590908885002136,0.17991067469120026,0.23494247685779224,0.8818181753158569,0.2349424660205841,0.0010000000474974513,343
344,0.17919137261130594,0.9545454382896423,0.17919136583805084,0.2337315705689517,0.8954545259475708,0.23373156785964966,0.0010000000474974513,344
345,0.17801309444687582,0.9545454382896423,0.17801308631896973,0.23280071670358832,0.8909090757369995,0.23280073702335358,0.0010000000474974513,345
346,0.17758952352133664,0.9590908885002136,0.1775895208120346,0.232475222511725,0.8863636255264282,0.23247520625591278,0.0010000000474974513,346
347,0.175410272045569,0.9545454382896423,0.17541027069091797,0.23311177302490582,0.8909090757369995,0.23311178386211395,0.0010000000474974513,347
348,0.1756455979563973,0.9545454382896423,0.1756456047296524,0.23333088511770422,0.8818181753158569,0.2333308756351471,0.0010000000474974513,348
349,0.17679886994036761,0.9454545378684998,0.17679886519908905,0.23133582147684964,0.8818181753158569,0.2313358187675476,0.0010000000474974513,349
350,0.17512949081984433,0.9454545378684998,0.1751294881105423,0.23176742141897028,0.8818181753158569,0.2317674309015274,0.0010000000474974513,350
351,0.17499300295656378,0.949999988079071,0.17499300837516785,0.23199791799892078,0.8818181753158569,0.23199792206287384,0.0010000000474974513,351
352,0.17318350754000925,0.9545454382896423,0.17318351566791534,0.23111006888476285,0.8863636255264282,0.23111006617546082,0.0010000000474974513,352
353,0.17239428785714236,0.9545454382896423,0.1723942905664444,0.23013916205276141,0.8909090757369995,0.23013916611671448,0.0010000000474974513,353
354,0.17267627743157474,0.9545454382896423,0.17267628014087677,0.2284211882136085,0.8909090757369995,0.2284211963415146,0.0010000000474974513,354
355,0.171581124717539,0.9590908885002136,0.17158113420009613,0.22879350591789593,0.8863636255264282,0.22879353165626526,0.0010000000474974513,355
356,0.1722107624465769,0.9636363387107849,0.17221076786518097,0.23112183809280396,0.8909090757369995,0.23112183809280396,0.0010000000474974513,356
357,0.17069710113785483,0.9590908885002136,0.17069710791110992,0.23092048953879962,0.8909090757369995,0.2309204787015915,0.0010000000474974513,357
358,0.17187676646492697,0.9454545378684998,0.17187677323818207,0.23078991879116406,0.8909090757369995,0.230789914727211,0.0010000000474974513,358
359,0.17028555274009705,0.949999988079071,0.17028555274009705,0.22787484255704013,0.8909090757369995,0.22787483036518097,0.0010000000474974513,359
360,0.16874374720183286,0.9590908885002136,0.16874374449253082,0.22793218628926712,0.8909090757369995,0.22793219983577728,0.0010000000474974513,360
361,0.1690287630666386,0.9590908885002136,0.16902874410152435,0.2279430560090325,0.8909090757369995,0.2279430627822876,0.0010000000474974513,361
362,0.1684212169863961,0.9545454382896423,0.16842122375965118,0.22781782732768494,0.8954545259475708,0.2278178334236145,0.0010000000474974513,362
363,0.1684503067623485,0.9636363387107849,0.16845031082630157,0.22804887457327408,0.8909090757369995,0.2280488759279251,0.0010000000474974513,363
364,0.1684137535366145,0.9590908885002136,0.16841375827789307,0.22599313204938715,0.8909090757369995,0.22599314153194427,0.0010000000474974513,364
365,0.16635850139639594,0.9590908885002136,0.16635850071907043,0.22578762607140976,0.8954545259475708,0.22578760981559753,0.0010000000474974513,365
366,0.1660438193516298,0.9590908885002136,0.16604381799697876,0.22514896501194348,0.8909090757369995,0.22514896094799042,0.0010000000474974513,366
367,0.16545556079257617,0.9590908885002136,0.16545556485652924,0.22539809888059442,0.8909090757369995,0.22539807856082916,0.0010000000474974513,367
368,0.16496369513598355,0.9545454382896423,0.1649637073278427,0.22688274627382105,0.8909090757369995,0.2268827259540558,0.0010000000474974513,368
369,0.16421606594865973,0.9590908885002136,0.1642160564661026,0.22682958976788956,0.8999999761581421,0.22682960331439972,0.0010000000474974513,369
370,0.16401937062090094,0.9681817889213562,0.164019376039505,0.2263622744516893,0.8999999761581421,0.22636227309703827,0.0010000000474974513,370
371,0.16367013616995377,0.9590908885002136,0.1636701226234436,0.22664888338609177,0.8909090757369995,0.22664888203144073,0.0010000000474974513,371
372,0.1632779599590735,0.9590908885002136,0.16327795386314392,0.22449022396044296,0.8909090757369995,0.2244901955127716,0.0010000000474974513,372
373,0.16163509339094162,0.9590908885002136,0.16163510084152222,0.22391693564978513,0.8909090757369995,0.2239169329404831,0.0010000000474974513,373
374,0.1612717563455755,0.9590908885002136,0.16127175092697144,0.22313984009352597,0.8954545259475708,0.22313983738422394,0.0010000000474974513,374
375,0.1612995063716715,0.9545454382896423,0.16129949688911438,0.22344951738010754,0.8863636255264282,0.2234494984149933,0.0010000000474974513,375
376,0.16111688993193887,0.9545454382896423,0.16111689805984497,0.22324693473902615,0.8863636255264282,0.22324691712856293,0.0010000000474974513,376
377,0.16036548059095035,0.9545454382896423,0.16036546230316162,0.2232573167844252,0.8954545259475708,0.22325731813907623,0.0010000000474974513,377
378,0.16028856147419324,0.9590908885002136,0.16028857231140137,0.22253841568123212,0.8954545259475708,0.22253842651844025,0.0010000000474974513,378
379,0.159378244118257,0.9590908885002136,0.15937823057174683,0.2236585413867777,0.8954545259475708,0.22365853190422058,0.0010000000474974513,379
380,0.1595159267837351,0.9545454382896423,0.15951593220233917,0.22102448750625958,0.8954545259475708,0.2210244983434677,0.0010000000474974513,380
381,0.15850895643234253,0.9545454382896423,0.15850895643234253,0.21914751827716827,0.8999999761581421,0.21914753317832947,0.0010000000474974513,381
382,0.15856405415318228,0.9590908885002136,0.15856404602527618,0.2192108522761952,0.8954545259475708,0.21921083331108093,0.0010000000474974513,382
383,0.15785262632099065,0.9590908885002136,0.15785261988639832,0.21938662637363782,0.8999999761581421,0.21938662230968475,0.0010000000474974513,383
384,0.15760700743306766,0.9545454382896423,0.15760700404644012,0.21866439418359238,0.8999999761581421,0.21866437792778015,0.0010000000474974513,384
385,0.15645818005908618,0.9590908885002136,0.15645818412303925,0.2176180143247951,0.8954545259475708,0.21761800348758698,0.0010000000474974513,385
386,0.15734408660368485,0.9636363387107849,0.15734408795833588,0.2178560820492831,0.8909090757369995,0.21785609424114227,0.0010000000474974513,386
387,0.15738128802993082,0.9636363387107849,0.15738129615783691,0.21803034029223703,0.8909090757369995,0.21803033351898193,0.0010000000474974513,387
388,0.15473174236037515,0.9545454382896423,0.15473173558712006,0.21871050108562817,0.8909090757369995,0.2187104970216751,0.0010000000474974513,388
389,0.1553992513905872,0.9545454382896423,0.15539924800395966,0.21831504323265769,0.8954545259475708,0.2183150351047516,0.0010000000474974513,389
390,0.1556720875880935,0.9590908885002136,0.155672088265419,0.21877664598551663,0.8954545259475708,0.2187766581773758,0.0010000000474974513,390
391,0.15427248721772974,0.9590908885002136,0.15427248179912567,0.2170987305316058,0.8954545259475708,0.21709872782230377,0.0010000000474974513,391
392,0.15405648133971475,0.9636363387107849,0.15405647456645966,0.21824619038538498,0.8909090757369995,0.2182462066411972,0.0010000000474974513,392
393,0.15408404916524887,0.9590908885002136,0.15408405661582947,0.2182455523447557,0.8954545259475708,0.21824555099010468,0.0010000000474974513,393
394,0.15293260325085034,0.9590908885002136,0.15293259918689728,0.2167490219528025,0.8954545259475708,0.21674899756908417,0.0010000000474974513,394
395,0.1521793766455217,0.9636363387107849,0.15217937529087067,0.2165171124718406,0.8999999761581421,0.2165171056985855,0.0010000000474974513,395
396,0.15171622959050265,0.9636363387107849,0.1517162322998047,0.21612762862985785,0.8954545259475708,0.21612761914730072,0.0010000000474974513,396
397,0.15191657570275394,0.9590908885002136,0.15191657841205597,0.21708767386999997,0.8954545259475708,0.21708767116069794,0.0010000000474974513,397
398,0.15098795023831454,0.9545454382896423,0.15098795294761658,0.21515432677485727,0.8954545259475708,0.21515433490276337,0.0010000000474974513,398
399,0.1500715288248929,0.9590908885002136,0.15007153153419495,0.21451811086047778,0.8954545259475708,0.21451812982559204,0.0010000000474974513,399
400,0.15077256614511664,0.9590908885002136,0.1507725864648819,0.2136777720668099,0.8954545259475708,0.2136777639389038,0.0010000000474974513,400
401,0.15001363374970175,0.9590908885002136,0.15001362562179565,0.21448612213134766,0.8954545259475708,0.21448613703250885,0.0010000000474974513,401
402,0.15017712929032065,0.9545454382896423,0.15017712116241455,0.21399175849827853,0.8954545259475708,0.21399177610874176,0.0010000000474974513,402
403,0.1486511921340769,0.9545454382896423,0.14865119755268097,0.21343503486026416,0.8999999761581421,0.21343503892421722,0.0010000000474974513,403
404,0.14921838586980646,0.9545454382896423,0.1492183804512024,0.2122069461779161,0.8954545259475708,0.21220694482326508,0.0010000000474974513,404
405,0.1490190787748857,0.9545454382896423,0.14901909232139587,0.21330596912990918,0.8954545259475708,0.21330596506595612,0.0010000000474974513,405
406,0.1486848064444282,0.9590908885002136,0.1486847996711731,0.2112003117799759,0.8999999761581421,0.2112003117799759,0.0010000000474974513,406
407,0.14779687334190716,0.9590908885002136,0.1477968543767929,0.21115372533147986,0.9045454263687134,0.21115373075008392,0.0010000000474974513,407
408,0.14664570784026926,0.9636363387107849,0.1466456949710846,0.21146655489097943,0.9045454263687134,0.21146655082702637,0.0010000000474974513,408
409,0.1474996026266705,0.9590908885002136,0.14749960601329803,0.21266828612847763,0.8999999761581421,0.2126682996749878,0.0010000000474974513,409
410,0.14632461084560913,0.9545454382896423,0.14632460474967957,0.21226607669483533,0.8954545259475708,0.21226607263088226,0.0010000000474974513,410
411,0.14738980003378607,0.9545454382896423,0.14738981425762177,0.21224956891753458,0.8999999761581421,0.21224956214427948,0.0010000000474974513,411
412,0.14601343057372354,0.9636363387107849,0.14601343870162964,0.2110405279831453,0.8999999761581421,0.21104052662849426,0.0010000000474974513,412
413,0.1463011381301013,0.9590908885002136,0.14630113542079926,0.21231656589291312,0.8954545259475708,0.21231655776500702,0.0010000000474974513,413
414,0.14614743265238675,0.9545454382896423,0.14614742994308472,0.211165344173258,0.8954545259475708,0.21116533875465393,0.0010000000474974513,414
415,0.14563556692816995,0.949999988079071,0.14563557505607605,0.20937005227262323,0.9045454263687134,0.20937004685401917,0.0010000000474974513,415
416,0.14501800455830313,0.9590908885002136,0.14501801133155823,0.2081191512671384,0.9045454263687134,0.20811913907527924,0.0010000000474974513,416
417,0.1448026502674276,0.9636363387107849,0.14480264484882355,0.20724241300062698,0.9045454263687134,0.2072424292564392,0.0010000000474974513,417
418,0.1443298878994855,0.9636363387107849,0.14432989060878754,0.20820933986793866,0.9045454263687134,0.2082093358039856,0.0010000000474974513,418
419,0.1441862854090604,0.9545454382896423,0.14418627321720123,0.20917363193902103,0.8999999761581421,0.20917361974716187,0.0010000000474974513,419
420,0.14486962963234296,0.9590908885002136,0.1448696255683899,0.20974652062762866,0.8999999761581421,0.20974653959274292,0.0010000000474974513,420
421,0.14268701591274954,0.9636363387107849,0.14268702268600464,0.208629155700857,0.8999999761581421,0.20862916111946106,0.0010000000474974513,421
422,0.14227361977100372,0.9636363387107849,0.14227361977100372,0.20733322203159332,0.8999999761581421,0.20733322203159332,0.0010000000474974513,422
423,0.14224666221575302,0.9590908885002136,0.14224666357040405,0.20558128438212656,0.9045454263687134,0.20558127760887146,0.0010000000474974513,423
424,0.1423213089054281,0.9590908885002136,0.14232130348682404,0.2060984210534529,0.8999999761581421,0.20609842240810394,0.0010000000474974513,424
425,0.14132723076777023,0.9590908885002136,0.14132723212242126,0.20642304420471191,0.9045454263687134,0.20642304420471191,0.0010000000474974513,425
426,0.14101538739421152,0.9636363387107849,0.14101539552211761,0.20686897093599493,0.8999999761581421,0.2068689465522766,0.0010000000474974513,426
427,0.14137083021077243,0.9636363387107849,0.14137083292007446,0.2049595591696826,0.9045454263687134,0.20495957136154175,0.0010000000474974513,427
428,0.1408445970578627,0.9590908885002136,0.14084458351135254,0.20292392847212878,0.9045454263687134,0.20292392373085022,0.0010000000474974513,428
429,0.140497241507877,0.9636363387107849,0.14049723744392395,0.20386337827552448,0.9045454263687134,0.20386336743831635,0.0010000000474974513,429
430,0.1402455602179874,0.9545454382896423,0.14024557173252106,0.2045237042687156,0.9090909361839294,0.2045236974954605,0.0010000000474974513,430
431,0.13933713429353453,0.9590908885002136,0.13933713734149933,0.2035874588923021,0.9045454263687134,0.20358744263648987,0.0010000000474974513,431
432,0.13912178575992584,0.9590908885002136,0.13912178575992584,0.203249069777402,0.8999999761581421,0.20324908196926117,0.0010000000474974513,432
433,0.13886197622526775,0.9590908885002136,0.1388619840145111,0.20261426947333597,0.9045454263687134,0.20261427760124207,0.0010000000474974513,433
434,0.138759391551668,0.9590908885002136,0.13875938951969147,0.2023288147016005,0.9045454263687134,0.20232881605625153,0.0010000000474974513,434
435,0.13839184560559012,0.9590908885002136,0.13839183747768402,0.20352127809416165,0.8999999761581421,0.20352128148078918,0.0010000000474974513,435
436,0.13834635371511633,0.9590908885002136,0.1383463591337204,0.20468104156580838,0.9045454263687134,0.20468105375766754,0.0010000000474974513,436
437,0.1382442915981466,0.9545454382896423,0.13824428617954254,0.20537836985154587,0.9045454263687134,0.20537835359573364,0.0010000000474974513,437
438,0.1378947604786266,0.9636363387107849,0.13789476454257965,0.20438478074290536,0.9090909361839294,0.20438478887081146,0.0010000000474974513,438
439,0.13745956935665823,0.9590908885002136,0.13745956122875214,0.20350304245948792,0.8999999761581421,0.20350304245948792,0.0010000000474974513,439
440,0.13694082539189945,0.9590908885002136,0.1369408369064331,0.20363975925879044,0.8999999761581421,0.20363976061344147,0.0010000000474974513,440
441,0.13635168156840585,0.9590908885002136,0.13635167479515076,0.20287320559675043,0.8999999761581421,0.20287320017814636,0.0010000000474974513,441
442,0.13583034141497177,0.9590908885002136,0.1358303427696228,0.2026939784938639,0.8999999761581421,0.20269396901130676,0.00010000000474974513,442
443,0.1356204477223483,0.9590908885002136,0.13562045991420746,0.20255582440983166,0.8999999761581421,0.2025558352470398,0.00010000000474974513,443
444,0.13599112088030035,0.9590908885002136,0.13599111139774323,0.20224391059442,0.9045454263687134,0.20224390923976898,0.00010000000474974513,444
445,0.13538992675867947,0.9590908885002136,0.13538992404937744,0.2023056853901256,0.9045454263687134,0.20230567455291748,0.00010000000474974513,445
446,0.13528415018861945,0.9590908885002136,0.13528414070606232,0.20223342288624158,0.9045454263687134,0.2022334188222885,0.00010000000474974513,446
447,0.13524317944591696,0.9590908885002136,0.13524319231510162,0.2023075114596974,0.9045454263687134,0.20230750739574432,0.00010000000474974513,447
448,0.13520745255730368,0.9590908885002136,0.13520745933055878,0.20239278945055875,0.9045454263687134,0.2023928016424179,0.00010000000474974513,448
449,0.1350968520749699,0.9590908885002136,0.13509684801101685,0.202392463656989,0.9045454263687134,0.20239247381687164,1.0000000656873453e-05,449
450,0.13508178225972436,0.9590908885002136,0.13508178293704987,0.20239833674647592,0.9045454263687134,0.20239834487438202,1.0000000656873453e-05,450
451,0.13507572967897763,0.9590908885002136,0.13507571816444397,0.20239798589186234,0.9045454263687134,0.20239798724651337,1.0000000656873453e-05,451
452,0.13506890562447635,0.9590908885002136,0.13506890833377838,0.2023864225907759,0.9045454263687134,0.20238642394542694,1.0000000656873453e-05,452
453,0.13507009907202286,0.9590908885002136,0.1350701004266739,0.202382892370224,0.9045454263687134,0.202382892370224,1.0000000656873453e-05,453
454,0.1350603929974816,0.9590908885002136,0.1350603997707367,0.20234777439724316,0.9045454263687134,0.2023477703332901,1.0000000656873453e-05,454
455,0.13505028865554117,0.9590908885002136,0.13505028188228607,0.20233064754442734,0.9045454263687134,0.20233066380023956,1.0000000656873453e-05,455
456,0.13504233414476569,0.9590908885002136,0.13504233956336975,0.20232684097506784,0.9045454263687134,0.20232684910297394,1.0000001111620804e-06,456
