,loss,mean_absolute_error,mean_squared_error,val_loss,val_mean_absolute_error,val_mean_squared_error,epoch
0,0.24058683893897317,0.4876163899898529,0.24058683216571808,0.2311784787611528,0.4762933552265167,0.23117847740650177,0
1,0.2314101213758642,0.4744829833507538,0.23141011595726013,0.22647827592763034,0.466619074344635,0.22647827863693237,1
2,0.22565311599861493,0.46313175559043884,0.22565311193466187,0.2251660471612757,0.4596443772315979,0.22516603767871857,2
3,0.2223435708067634,0.4538733959197998,0.2223435640335083,0.22467194497585297,0.45505663752555847,0.22467195987701416,3
4,0.22209792245518079,0.4488530457019806,0.22209793329238892,0.22461443055759778,0.45081251859664917,0.22461442649364471,4
5,0.22144391726363788,0.44503217935562134,0.22144392132759094,0.2244337038560347,0.44923925399780273,0.22443370521068573,5
6,0.2211866189133037,0.4434654712677002,0.22118662297725677,0.22338687831705267,0.4475858509540558,0.22338688373565674,6
7,0.22102590582587503,0.4437980651855469,0.22102591395378113,0.2219610783186826,0.4472077488899231,0.2219610959291458,7
8,0.22076232595877213,0.4447919428348541,0.22076232731342316,0.2218533673069694,0.4481656551361084,0.2218533605337143,8
9,0.22046878798441452,0.4445601999759674,0.22046880424022675,0.22172742404721,0.4473627507686615,0.2217274159193039,9
10,0.22049926085905594,0.4437367618083954,0.22049926221370697,0.22186152772469955,0.44668152928352356,0.22186151146888733,10
11,0.22018173336982727,0.4423392117023468,0.22018174827098846,0.221907916394147,0.44613102078437805,0.22190792858600616,11
12,0.219961170445789,0.44252097606658936,0.21996116638183594,0.22120165824890137,0.4461178183555603,0.22120165824890137,12
13,0.21978909319097345,0.44280582666397095,0.21978908777236938,0.22068615122274918,0.44580501317977905,0.2206861525774002,13
14,0.22004756331443787,0.4443526268005371,0.22004756331443787,0.2200838787989183,0.4468272924423218,0.22008387744426727,14
15,0.22003556246107275,0.4447881877422333,0.22003555297851562,0.21995701844041998,0.4460357427597046,0.21995702385902405,15
16,0.21936200559139252,0.44236212968826294,0.21936197578907013,0.21993986584923483,0.44420796632766724,0.21993985772132874,16
17,0.21929263391278006,0.44074496626853943,0.21929264068603516,0.2204028991135684,0.4436596632003784,0.22040289640426636,17
18,0.21909905021840875,0.4397442936897278,0.21909905970096588,0.21994423866271973,0.4429158866405487,0.21994423866271973,18
19,0.21940253404053775,0.43938106298446655,0.2194025218486786,0.21976391971111298,0.442196249961853,0.21976393461227417,19
20,0.21903796900402417,0.4391241669654846,0.2190379649400711,0.21992743557149713,0.4431833028793335,0.21992743015289307,20
21,0.2193254977464676,0.44105806946754456,0.2193254977464676,0.2199775603684512,0.44538599252700806,0.21997757256031036,21
22,0.21879215944897046,0.44196271896362305,0.2187921702861786,0.2194883322173899,0.44526976346969604,0.21948835253715515,22
23,0.21873025325211612,0.4424130618572235,0.21873025596141815,0.2182023281400854,0.444607138633728,0.21820230782032013,23
24,0.2187565483830192,0.44391658902168274,0.2187565416097641,0.21812820570035416,0.445752888917923,0.21812818944454193,24
25,0.21882190216671338,0.4441097676753998,0.2188219130039215,0.21831914917989212,0.44542112946510315,0.2183191329240799,25
26,0.21856045452031223,0.44305136799812317,0.21856045722961426,0.21805899116125974,0.444577157497406,0.2180589884519577,26
27,0.21840075877579776,0.4428597390651703,0.2184007614850998,0.21800751984119415,0.4449576735496521,0.21800751984119415,27
28,0.21866375478831204,0.4438313841819763,0.21866375207901,0.21852248229763724,0.44580143690109253,0.21852248907089233,28
29,0.2184850492260673,0.4431023597717285,0.2184850573539734,0.21919164603406732,0.4452054500579834,0.21919164061546326,29
30,0.21817878159609708,0.44209209084510803,0.21817879378795624,0.21957160261544315,0.44597938656806946,0.21957160532474518,30
31,0.21845769882202148,0.44196999073028564,0.2184576839208603,0.22022607651623813,0.44600310921669006,0.22022607922554016,31
32,0.21801108392802152,0.44101083278656006,0.21801108121871948,0.2192902686921033,0.44504910707473755,0.21929027140140533,32
33,0.21792979673905807,0.4401760995388031,0.21792981028556824,0.21869919516823508,0.4429031312465668,0.21869920194149017,33
34,0.21784548325972122,0.43919438123703003,0.21784548461437225,0.2182578512213447,0.44247034192085266,0.2182578593492508,34
35,0.21786132861267438,0.43906524777412415,0.2178613245487213,0.21793237328529358,0.4419008493423462,0.21793237328529358,35
36,0.21785324405540119,0.44023749232292175,0.21785323321819305,0.21684338423338803,0.44252535700798035,0.216843381524086,36
37,0.21796170283447613,0.44115689396858215,0.21796171367168427,0.217693338339979,0.44288170337677,0.21769332885742188,37
38,0.21758810633962805,0.4396265149116516,0.21758809685707092,0.21709943359548395,0.4411604404449463,0.21709944307804108,38
39,0.21790689365430313,0.4392029047012329,0.2179069072008133,0.21727514266967773,0.4411604404449463,0.21727512776851654,39
40,0.217477794397961,0.4390387237071991,0.21747778356075287,0.2165001237934286,0.44104239344596863,0.21650010347366333,40
41,0.21749323064630682,0.43985411524772644,0.2174932062625885,0.21742802587422458,0.44245555996894836,0.21742801368236542,41
42,0.21718047152866016,0.4395821690559387,0.21718046069145203,0.2177898477424275,0.44238874316215515,0.21778984367847443,42
43,0.21752416681159625,0.43939173221588135,0.21752417087554932,0.21896065229719336,0.4435654580593109,0.21896064281463623,43
44,0.21748220514167438,0.4390101432800293,0.21748220920562744,0.21759837865829468,0.4415741264820099,0.21759837865829468,44
45,0.21733180636709387,0.4387983977794647,0.21733181178569794,0.21783506870269775,0.4418768584728241,0.21783506870269775,45
46,0.21698214520107617,0.43786120414733887,0.21698212623596191,0.21822863139889456,0.4414977431297302,0.21822865307331085,46
47,0.2170130109245127,0.43740591406822205,0.21701301634311676,0.21828671206127515,0.4416009485721588,0.21828672289848328,47
48,0.21700839562849564,0.4378795325756073,0.21700839698314667,0.21780512007800015,0.44185444712638855,0.21780513226985931,48
49,0.21709755063056946,0.4376986026763916,0.21709753572940826,0.2180549529465762,0.4414236843585968,0.21805495023727417,49
50,0.21695893596519122,0.43810415267944336,0.21695895493030548,0.2179293158379468,0.4433079659938812,0.21792930364608765,50
51,0.2168465554714203,0.4401775002479553,0.2168465554714203,0.21808609095486728,0.44464001059532166,0.2180860936641693,51
52,0.21765295483849265,0.4416428208351135,0.21765294671058655,0.21777192706411536,0.4440026581287384,0.21777191758155823,52
53,0.2168404134837064,0.4400023818016052,0.21684041619300842,0.21658075533129953,0.44239485263824463,0.21658077836036682,53
54,0.217130568894473,0.43996429443359375,0.21713057160377502,0.21532639048316263,0.44007954001426697,0.21532639861106873,54
55,0.2172164713794535,0.43894127011299133,0.21721646189689636,0.2155228920958259,0.4395434856414795,0.2155228853225708,55
56,0.21687423099171033,0.4375757873058319,0.21687422692775726,0.21652201630852438,0.43958374857902527,0.21652202308177948,56
57,0.2169427885250612,0.4378187358379364,0.21694278717041016,0.2159826918081804,0.4405750334262848,0.21598267555236816,57
58,0.21631525456905365,0.4377821981906891,0.21631525456905365,0.21750575574961575,0.4415583312511444,0.21750575304031372,58
59,0.2167414047501304,0.4364834129810333,0.2167414128780365,0.21776668321002612,0.43979936838150024,0.2177666872739792,59
60,0.21729307824915106,0.4373074173927307,0.21729308366775513,0.21811218695207077,0.44276031851768494,0.21811218559741974,60
61,0.2163031263784929,0.4373442530632019,0.21630311012268066,0.21696942367336966,0.44121408462524414,0.21696940064430237,61
62,0.21683876080946488,0.4392719864845276,0.2168387472629547,0.21592285416342996,0.44205546379089355,0.21592286229133606,62
63,0.21672151440923865,0.4399677515029907,0.2167215198278427,0.21473691409284418,0.4401620626449585,0.2147369086742401,63
64,0.21664279157465155,0.43831419944763184,0.21664279699325562,0.21528804166750473,0.4385262429714203,0.21528802812099457,64
65,0.216143708337437,0.4376320242881775,0.21614369750022888,0.2164248607375405,0.44176164269447327,0.2164248675107956,65
66,0.21631788936528293,0.4398309588432312,0.21631789207458496,0.2162158570506356,0.44328245520591736,0.2162158489227295,66
67,0.2159415767951445,0.4401567876338959,0.21594154834747314,0.21788368035446515,0.44390547275543213,0.21788367629051208,67
68,0.21601808206601578,0.4384709298610687,0.21601808071136475,0.21835491738536142,0.4436662793159485,0.21835492551326752,68
69,0.2162386178970337,0.4374297261238098,0.2162386178970337,0.21846407787366348,0.4424726068973541,0.21846409142017365,69
70,0.216121107339859,0.436448335647583,0.2161211222410202,0.21842310238968243,0.442304790019989,0.21842309832572937,70
71,0.2159922177141363,0.4373321235179901,0.21599221229553223,0.21813469312407754,0.44392937421798706,0.21813468635082245,71
72,0.21597609601237558,0.43988698720932007,0.21597610414028168,0.21748147092082284,0.4448074996471405,0.21748146414756775,72
73,0.21594628285277973,0.4388815760612488,0.2159462869167328,0.21646110036156394,0.44076982140541077,0.21646109223365784,73
74,0.21657959168607538,0.43818581104278564,0.2165795862674713,0.2153030661019412,0.439418762922287,0.21530306339263916,74
75,0.21606565470045264,0.438953697681427,0.2160656601190567,0.21573101661422037,0.44144731760025024,0.21573100984096527,75
76,0.21568437597968362,0.4387708604335785,0.21568436920642853,0.21540621464902704,0.439560204744339,0.21540622413158417,76
77,0.21537985314022412,0.4351917505264282,0.21537984907627106,0.21620337258685718,0.4374459385871887,0.21620336174964905,77
78,0.2155413735996593,0.4325881898403168,0.21554137766361237,0.2168610068884763,0.43691059947013855,0.21686100959777832,78
79,0.21590425209565597,0.4325295388698578,0.21590425074100494,0.21642016145316037,0.43644416332244873,0.21642015874385834,79
80,0.21658858927813443,0.43530434370040894,0.2165885865688324,0.21546875888651068,0.43852609395980835,0.21546873450279236,80
81,0.21596831218762833,0.43723589181900024,0.2159683257341385,0.21437191827730698,0.4383287727832794,0.214371919631958,81
82,0.21572446687655014,0.437055766582489,0.21572448313236237,0.2151309698820114,0.4393068552017212,0.21513095498085022,82
83,0.21523528478362344,0.434876412153244,0.21523527801036835,0.21639664064754138,0.4385034441947937,0.21639664471149445,83
84,0.21580303799022327,0.4335472583770752,0.21580304205417633,0.21719303320754657,0.4390030801296234,0.21719303727149963,84
85,0.21523336388848044,0.4349522292613983,0.21523335576057434,0.215597388419238,0.44024020433425903,0.21559737622737885,85
86,0.21537261930379,0.4376731216907501,0.21537262201309204,0.21579378301447089,0.44158846139907837,0.21579378843307495,86
87,0.21563672613013873,0.4388173222541809,0.215636745095253,0.21533935178409924,0.4401053786277771,0.21533934772014618,87
88,0.2157830609516664,0.4389052093029022,0.21578307449817657,0.21464625271883878,0.440096378326416,0.21464623510837555,88
89,0.2149092365394939,0.4360367953777313,0.21490922570228577,0.21433212811296637,0.4372054934501648,0.21433213353157043,89
90,0.21498440883376382,0.433520644903183,0.21498440206050873,0.21467525579712607,0.43613749742507935,0.21467524766921997,90
91,0.21518166092309085,0.4350352883338928,0.21518167853355408,0.2158094888383692,0.44106554985046387,0.21580949425697327,91
92,0.2147530737248334,0.4369076192378998,0.21475307643413544,0.21506325629624454,0.4406093955039978,0.21506327390670776,92
93,0.21462295813993973,0.43650326132774353,0.21462298929691315,0.21414746208624405,0.4387378394603729,0.2141474485397339,93
94,0.21509245308962735,0.43605831265449524,0.21509245038032532,0.21521123566410758,0.4401736259460449,0.21521124243736267,94
95,0.2148748582059687,0.43606171011924744,0.21487486362457275,0.2151331752538681,0.439537912607193,0.2151331603527069,95
96,0.2148843299258839,0.4366992712020874,0.21488434076309204,0.21406074681065299,0.4397599399089813,0.21406075358390808,96
97,0.2151704024184834,0.43516620993614197,0.21517042815685272,0.2155241546305743,0.4367910921573639,0.21552415192127228,97
98,0.21451762589541348,0.4323050081729889,0.21451763808727264,0.2145706984129819,0.43750908970832825,0.21457070112228394,98
99,0.21435558795928955,0.43517982959747314,0.21435558795928955,0.21475717289881271,0.4402138888835907,0.21475715935230255,99
100,0.21460878984494644,0.43794482946395874,0.2146087884902954,0.21396305615251715,0.44009414315223694,0.21396304666996002,100
101,0.21461005102504382,0.43615591526031494,0.2146100550889969,0.21535432067784396,0.4393272399902344,0.2153543084859848,101
102,0.21419743787158618,0.43494758009910583,0.21419744193553925,0.21609859574924817,0.44116416573524475,0.2160985916852951,102
103,0.21517797085371884,0.4366758167743683,0.2151779681444168,0.21719030358574606,0.4415629506111145,0.21719031035900116,103
104,0.21431913565505634,0.43469706177711487,0.2143191248178482,0.21607070077549329,0.43972668051719666,0.21607069671154022,104
105,0.21451471745967865,0.4331519603729248,0.21451471745967865,0.21534183892336758,0.43742552399635315,0.21534185111522675,105
106,0.21425107392397794,0.43229448795318604,0.2142510712146759,0.2160240113735199,0.438256174325943,0.2160239964723587,106
107,0.21415359594605185,0.43339595198631287,0.21415358781814575,0.21410963345657696,0.4384210705757141,0.2141096293926239,107
108,0.21413433822718533,0.4348739683628082,0.2141343206167221,0.21348359368064188,0.43723055720329285,0.21348358690738678,108
109,0.21389664303172717,0.4330422878265381,0.21389663219451904,0.2153758095069365,0.43725666403770447,0.21537582576274872,109
110,0.21392033316872336,0.43259602785110474,0.21392033994197845,0.21470552411946384,0.43819960951805115,0.21470551192760468,110
111,0.21570152857086874,0.4368068277835846,0.21570153534412384,0.21548974107612262,0.43988603353500366,0.21548974514007568,111
112,0.2141799195246263,0.43384164571762085,0.21417991816997528,0.21554687348279086,0.43716961145401,0.2155468612909317,112
113,0.21440632370385257,0.4339897930622101,0.2144063413143158,0.2136923372745514,0.4381272792816162,0.2136923372745514,113
114,0.21484622088345615,0.43630263209342957,0.21484620869159698,0.21336981518702072,0.4392760097980499,0.21336980164051056,114
115,0.21438513831658798,0.4354705214500427,0.21438513696193695,0.21241820942271838,0.4357379674911499,0.21241822838783264,115
116,0.21359545940702612,0.4347791075706482,0.2135954648256302,0.21442649310285394,0.43966424465179443,0.21442648768424988,116
117,0.21444571018218994,0.43519458174705505,0.21444571018218994,0.21797878227450632,0.440159410238266,0.21797879040241241,117
118,0.21482197804884476,0.4318813681602478,0.2148219645023346,0.21825876425613056,0.43908631801605225,0.21825875341892242,118
119,0.21352727846665817,0.4314625859260559,0.21352727711200714,0.2141833630475131,0.43770086765289307,0.21418336033821106,119
120,0.21328005736524408,0.4330368936061859,0.2132800668478012,0.21191113780845294,0.435659795999527,0.2119111567735672,120
121,0.21591240438548,0.4385219216346741,0.21591240167617798,0.21097436140884052,0.4375547170639038,0.21097436547279358,121
122,0.21419417451728473,0.4366322457790375,0.2141941636800766,0.21300058202310043,0.4368043839931488,0.2130005806684494,122
123,0.21353896368633618,0.43291956186294556,0.2135389894247055,0.21498475291512228,0.43837785720825195,0.21498475968837738,123
124,0.2136757495728406,0.4308817982673645,0.21367573738098145,0.21461769396608527,0.43531182408332825,0.21461769938468933,124
125,0.21340493857860565,0.43077677488327026,0.21340493857860565,0.21367786553773013,0.4359239637851715,0.21367785334587097,125
126,0.21354355053468185,0.4323500096797943,0.21354354918003082,0.21252022277225147,0.4350598454475403,0.21252024173736572,126
127,0.2126943292942914,0.43116331100463867,0.21269431710243225,0.2126017754728144,0.4352387487888336,0.21260176599025726,127
128,0.21291310949759049,0.4323575496673584,0.21291311085224152,0.2127783108841289,0.4368652403354645,0.21277831494808197,128
129,0.2131569426168095,0.43358319997787476,0.21315693855285645,0.21355362101034683,0.43850111961364746,0.21355363726615906,129
130,0.21332648396492004,0.4328257739543915,0.21332646906375885,0.21375470811670477,0.4363882839679718,0.21375469863414764,130
131,0.21349311687729575,0.4326228201389313,0.21349310874938965,0.2109666954387318,0.43392154574394226,0.21096670627593994,131
132,0.21281661635095422,0.42948850989341736,0.21281662583351135,0.21092232790860263,0.43007907271385193,0.21092233061790466,132
133,0.21333773569627243,0.42881935834884644,0.2133377492427826,0.21154298836534674,0.43160855770111084,0.2115429788827896,133
134,0.21330404552546414,0.43114951252937317,0.21330402791500092,0.21218020943078128,0.4344552457332611,0.2121802121400833,134
135,0.21388238126581366,0.42999982833862305,0.21388240158557892,0.2137634361332113,0.43400809168815613,0.21376343071460724,135
136,0.21282325143163855,0.4302766025066376,0.21282325685024261,0.21336590972813693,0.4382202923297882,0.21336589753627777,136
137,0.21264400265433572,0.43411996960639954,0.21264402568340302,0.21351911263032394,0.44052737951278687,0.2135191112756729,137
138,0.2130827402526682,0.4384823143482208,0.21308274567127228,0.21298889003016733,0.4429461359977722,0.21298888325691223,138
139,0.21373166821219705,0.43680426478385925,0.21373167634010315,0.21044020761143079,0.43379318714141846,0.21044018864631653,139
140,0.21278020197694952,0.43004941940307617,0.2127802073955536,0.21193141016093167,0.4326981008052826,0.21193140745162964,140
141,0.21262925050475381,0.4282093942165375,0.21262924373149872,0.21299637989564377,0.4335139989852905,0.21299639344215393,141
142,0.2132717411626469,0.4310218393802643,0.21327175199985504,0.21282888813452286,0.4361926019191742,0.21282891929149628,142
143,0.21266919374465942,0.43177223205566406,0.21266917884349823,0.21315433084964752,0.43732646107673645,0.21315433084964752,143
144,0.21331150423396716,0.43667876720428467,0.21331150829792023,0.2107583595947786,0.43838369846343994,0.21075834333896637,144
145,0.2123754688284614,0.4341198801994324,0.2123754620552063,0.20960674638097937,0.4316105842590332,0.20960673689842224,145
146,0.21248214082284408,0.4289039373397827,0.21248213946819305,0.2089115706357089,0.4280568063259125,0.20891156792640686,146
147,0.21260610087351364,0.4281071126461029,0.21260610222816467,0.21027677709406073,0.4315885603427887,0.210276797413826,147
148,0.2135201557116075,0.42745259404182434,0.21352015435695648,0.21229156445373187,0.43119025230407715,0.21229156851768494,148
149,0.21312521398067474,0.4309367835521698,0.21312522888183594,0.21084342219612814,0.4371715784072876,0.21084341406822205,149
150,0.21250873804092407,0.43366286158561707,0.21250873804092407,0.2089185118675232,0.43336859345436096,0.2089185267686844,150
151,0.21180023659359326,0.43346235156059265,0.2118002474308014,0.20939881828698245,0.43554458022117615,0.20939882099628448,151
152,0.21172906322912735,0.4329744279384613,0.21172906458377838,0.2101297595284202,0.4338846504688263,0.2101297527551651,152
153,0.2126952287825671,0.43005576729774475,0.21269522607326508,0.20965319600972263,0.42937207221984863,0.20965319871902466,153
154,0.21201562204144217,0.4289824664592743,0.21201561391353607,0.20946408266370947,0.4330081641674042,0.20946408808231354,154
155,0.21196977387775073,0.43221932649612427,0.2119697630405426,0.2087298740040172,0.43343743681907654,0.20872986316680908,155
156,0.21177117932926526,0.43089163303375244,0.2117711454629898,0.20768740366805682,0.4298096299171448,0.2076873928308487,156
157,0.21273306824944235,0.42886805534362793,0.21273306012153625,0.209332367235964,0.43041831254959106,0.20933237671852112,157
158,0.21250550855289807,0.42784643173217773,0.2125055193901062,0.21159723130139438,0.43355196714401245,0.2115972340106964,158
159,0.21166375279426575,0.4289258122444153,0.21166373789310455,0.20930000326850198,0.43285590410232544,0.2092999964952469,159
160,0.21230001341212879,0.43099066615104675,0.21230000257492065,0.20915418727831406,0.4314241111278534,0.2091541737318039,160
161,0.2112060392444784,0.4303581714630127,0.21120603382587433,0.20849796316840433,0.43299874663352966,0.20849795639514923,161
162,0.2117444168437611,0.4325832724571228,0.21174441277980804,0.21003332192247565,0.4367371201515198,0.2100333273410797,162
163,0.21232019635764035,0.43639281392097473,0.21232019364833832,0.20964055440642618,0.4384388029575348,0.20964054763317108,163
164,0.21210375834595074,0.43271103501319885,0.21210375428199768,0.20741315998814322,0.4272156357765198,0.20741315186023712,164
165,0.21214014020833102,0.4269011318683624,0.21214012801647186,0.20673607018860904,0.4267452657222748,0.20673605799674988,165
166,0.21291264756159348,0.42730337381362915,0.2129126340150833,0.21013321388851514,0.42994585633277893,0.21013322472572327,166
167,0.21165710416707126,0.4280753433704376,0.2116570919752121,0.20974595167420126,0.43407291173934937,0.20974594354629517,167
168,0.21118373356082223,0.4286957085132599,0.21118374168872833,0.20961593226952988,0.4319777190685272,0.20961593091487885,168
169,0.21064523675224997,0.427131712436676,0.21064524352550507,0.2082075368274342,0.4292892813682556,0.20820753276348114,169
170,0.2116320702162656,0.4319239854812622,0.21163207292556763,0.20763702826066452,0.43334877490997314,0.2076370269060135,170
171,0.21200247515331616,0.43076422810554504,0.2120024710893631,0.20819453759626907,0.427654504776001,0.2081945240497589,171
172,0.21057996560226788,0.42422130703926086,0.21057994663715363,0.20761978355321017,0.4277805984020233,0.2076197862625122,172
173,0.21225821430032904,0.43132418394088745,0.2122582197189331,0.20705357735807245,0.4335344433784485,0.20705358684062958,173
174,0.21122045002200387,0.4332621693611145,0.21122044324874878,0.20768322863362051,0.43255695700645447,0.2076832503080368,174
175,0.2123612788590518,0.4280170798301697,0.21236129105091095,0.20991505005142905,0.42892470955848694,0.20991505682468414,175
176,0.21040610562671314,0.42645496129989624,0.2104061096906662,0.20776819776404987,0.43338242173194885,0.20776821672916412,176
177,0.21454449675299905,0.43603408336639404,0.21454448997974396,0.20876143872737885,0.4319203794002533,0.20876143872737885,177
178,0.21212637018073688,0.4319617748260498,0.21212637424468994,0.2084462276913903,0.4307863414287567,0.20844624936580658,178
179,0.21017850664528934,0.4261997938156128,0.21017849445343018,0.20871895280751315,0.42985162138938904,0.20871895551681519,179
180,0.2118388373743404,0.42686235904693604,0.21183882653713226,0.20897940884936939,0.43148037791252136,0.20897941291332245,180
181,0.21118707006627863,0.4269280731678009,0.21118707954883575,0.2052750140428543,0.4257240891456604,0.20527499914169312,181
182,0.21077486601742831,0.42742618918418884,0.21077485382556915,0.20451535149054093,0.42690953612327576,0.20451535284519196,182
183,0.209941720420664,0.42805933952331543,0.20994172990322113,0.20928793874653903,0.43205368518829346,0.20928794145584106,183
184,0.21080071953209964,0.43059077858924866,0.21080069243907928,0.21195782043717123,0.4381262958049774,0.21195781230926514,184
185,0.2113319608298215,0.43331193923950195,0.21133196353912354,0.20834229751066727,0.433607816696167,0.2083422988653183,185
186,0.21074950965968045,0.42996156215667725,0.21074949204921722,0.20669852061705155,0.4296659231185913,0.20669852197170258,186
187,0.20997501367872412,0.4259359538555145,0.209975004196167,0.20400997860865158,0.4245465397834778,0.2040099799633026,187
188,0.21106756817210803,0.4244217872619629,0.2110675573348999,0.20315656607801263,0.4206799566745758,0.20315656065940857,188
189,0.2100146087733182,0.42336905002593994,0.21001462638378143,0.2063712260939858,0.4262438416481018,0.2063712179660797,189
190,0.21062921258536252,0.4280238449573517,0.21062922477722168,0.20753120698712088,0.43283915519714355,0.20753119885921478,190
191,0.2107994177124717,0.4313781261444092,0.2107994109392166,0.20864434133876453,0.4327208995819092,0.2086443305015564,191
192,0.20958540249954571,0.42948198318481445,0.20958538353443146,0.20540559833700006,0.4282364249229431,0.2054055780172348,192
193,0.20970199053937738,0.4245712161064148,0.20970198512077332,0.20514258335937152,0.4244232475757599,0.2051425725221634,193
194,0.2096171812577681,0.423772394657135,0.20961719751358032,0.2071220183914358,0.4287296235561371,0.20712202787399292,194
195,0.20890978926962073,0.42451515793800354,0.2089097797870636,0.2054735083471645,0.42784732580184937,0.20547349750995636,195
196,0.20916785299777985,0.42864328622817993,0.20916786789894104,0.20357699692249298,0.42896249890327454,0.20357701182365417,196
197,0.2092818942936984,0.4296943247318268,0.20928190648555756,0.20254202322526413,0.42618831992149353,0.2025420069694519,197
198,0.2104326527227055,0.43054038286209106,0.21043266355991364,0.2049854262308641,0.42977774143218994,0.20498542487621307,198
199,0.20827787030826916,0.42434054613113403,0.2082778811454773,0.20630606467073614,0.42275378108024597,0.2063060700893402,199
200,0.21092879501256076,0.42079445719718933,0.2109287977218628,0.2099760269576853,0.42749905586242676,0.20997604727745056,200
201,0.20949902046810498,0.42484962940216064,0.2094990313053131,0.20288226821205832,0.42663514614105225,0.20288227498531342,201
202,0.2083269709890539,0.42805179953575134,0.20832696557044983,0.20277780836278742,0.4275795817375183,0.20277781784534454,202
203,0.20821846479719336,0.42693138122558594,0.20821847021579742,0.20297664674845609,0.424917072057724,0.20297664403915405,203
204,0.20893767747012051,0.42744553089141846,0.20893767476081848,0.20332699743184177,0.4269391894340515,0.2033270001411438,204
205,0.20758839764378287,0.4238556921482086,0.20758838951587677,0.20281771231781354,0.4221062958240509,0.20281770825386047,205
206,0.20882121541283347,0.4218667447566986,0.20882120728492737,0.2022663801908493,0.42115768790245056,0.2022663801908493,206
207,0.20871404355222528,0.4225074052810669,0.2087140530347824,0.20599942857568915,0.4273386299610138,0.20599941909313202,207
208,0.21033224192532626,0.42794856429100037,0.2103322297334671,0.2049025595188141,0.43007737398147583,0.2049025446176529,208
209,0.20841778950257736,0.42671331763267517,0.20841778814792633,0.20402728427540173,0.4258289337158203,0.20402728021144867,209
210,0.20872751284729352,0.426563560962677,0.20872752368450165,0.20598836243152618,0.4269406795501709,0.20598836243152618,210
211,0.21018860827792774,0.4204844534397125,0.2101886123418808,0.20343360304832458,0.41685837507247925,0.20343360304832458,211
212,0.20789575983177533,0.420590341091156,0.20789577066898346,0.20368930426510898,0.42855340242385864,0.2036893218755722,212
213,0.20962107452479276,0.4309198558330536,0.20962107181549072,0.20802891525355252,0.4355837106704712,0.2080289125442505,213
214,0.20724110982634805,0.42717334628105164,0.20724110305309296,0.20204365795308893,0.4237092435359955,0.20204365253448486,214
215,0.2064088528806513,0.4205879271030426,0.20640884339809418,0.2001966034824198,0.4180240333080292,0.20019659399986267,215
216,0.20833427120338788,0.42185696959495544,0.20833426713943481,0.20186872373927722,0.4207031726837158,0.20186872780323029,216
217,0.20824309099804272,0.42452681064605713,0.20824308693408966,0.20397762005979364,0.427895724773407,0.20397761464118958,217
218,0.20788068798455325,0.42557573318481445,0.2078806757926941,0.20486680079590192,0.4290553033351898,0.20486681163311005,218
219,0.20732809196818958,0.42715418338775635,0.20732809603214264,0.20308024097572674,0.4296554625034332,0.20308025181293488,219
220,0.20693076605146582,0.4300726056098938,0.20693078637123108,0.20499584078788757,0.4325891435146332,0.20499585568904877,220
221,0.20728033103726126,0.4248825013637543,0.20728030800819397,0.20376179299571298,0.4225194454193115,0.20376180112361908,221
222,0.20698169280182233,0.41824549436569214,0.20698168873786926,0.20392131534489719,0.4244242012500763,0.20392131805419922,222
223,0.20618283342231403,0.4216112792491913,0.2061828374862671,0.20115929435599933,0.42560428380966187,0.2011592984199524,223
224,0.20700567960739136,0.42852699756622314,0.20700569450855255,0.2005826478654688,0.42628228664398193,0.20058263838291168,224
225,0.20556371049447494,0.42128685116767883,0.2055637240409851,0.20331082967194644,0.41934502124786377,0.20331084728240967,225
226,0.20754974538629706,0.41965505480766296,0.20754973590373993,0.20694364336403934,0.4287721514701843,0.20694363117218018,226
227,0.20586724443869156,0.4193507730960846,0.2058672457933426,0.20421563630754297,0.42641061544418335,0.2042156457901001,227
228,0.2077937749299136,0.4282885193824768,0.20779377222061157,0.20604882863434879,0.4328000247478485,0.20604881644248962,228
229,0.20680667053569446,0.42898139357566833,0.20680667459964752,0.1993290064009753,0.4225054979324341,0.19932903349399567,229
230,0.20575713569467718,0.41908326745033264,0.20575712621212006,0.2001264596527273,0.41736310720443726,0.20012645423412323,230
231,0.20636551759459756,0.4143594801425934,0.20636551082134247,0.20284789258783514,0.41977909207344055,0.20284788310527802,231
232,0.20492266253991562,0.4195767045021057,0.2049226611852646,0.20167246731844815,0.4262709617614746,0.20167246460914612,232
233,0.2074315290559422,0.4264434576034546,0.20743151009082794,0.19970127940177917,0.42352837324142456,0.19970127940177917,233
234,0.20387078144333579,0.42319807410240173,0.2038707733154297,0.20256534218788147,0.42695167660713196,0.20256534218788147,234
235,0.20414169810035013,0.42006760835647583,0.20414170622825623,0.20488208803263577,0.4250180721282959,0.20488208532333374,235
236,0.2047656855799935,0.41760507225990295,0.2047656625509262,0.20027185841040177,0.42242231965065,0.2002718597650528,236
237,0.20319143614985727,0.4219747483730316,0.20319144427776337,0.20153357088565826,0.4261630177497864,0.20153357088565826,237
238,0.2033223414962942,0.4218968152999878,0.20332233607769012,0.1990200931375677,0.4219551086425781,0.19902008771896362,238
239,0.20331750539216129,0.4187415838241577,0.20331750810146332,0.19764559106393295,0.4181478023529053,0.19764557480812073,239
240,0.20372514562173324,0.41626158356666565,0.20372514426708221,0.20044529167088596,0.418710857629776,0.2004452794790268,240
241,0.2082836302843961,0.4246270954608917,0.20828363299369812,0.2095366811210459,0.4353489577770233,0.20953668653964996,241
242,0.20326065068895166,0.4213663637638092,0.2032606601715088,0.19939634745771234,0.4191194474697113,0.19939634203910828,242
243,0.20217352428219534,0.4103846251964569,0.20217353105545044,0.20076595111326737,0.4147583842277527,0.2007659524679184,243
244,0.2020677842877128,0.4140057861804962,0.2020677775144577,0.2035845938053998,0.42956432700157166,0.20358458161354065,244
245,0.20098355141553012,0.4196382462978363,0.20098355412483215,0.20014941150491888,0.42233213782310486,0.20014941692352295,245
246,0.20132495056499133,0.4158547818660736,0.2013249546289444,0.19808473641222174,0.4183601438999176,0.1980847418308258,246
247,0.2018658071756363,0.4169330596923828,0.20186582207679749,0.1970777457410639,0.42023995518684387,0.19707775115966797,247
248,0.20156015862118115,0.42220816016197205,0.2015601545572281,0.20561332323334433,0.43018752336502075,0.20561333000659943,248
249,0.20074369555169885,0.41299381852149963,0.2007436901330948,0.20273552293127234,0.41513821482658386,0.2027355134487152,249
250,0.20184890248558737,0.4051923155784607,0.20184889435768127,0.19567270983349194,0.4136618673801422,0.19567270576953888,250
251,0.2003527202389457,0.4186320900917053,0.2003527134656906,0.20304575697942215,0.43210944533348083,0.20304574072360992,251
252,0.20086569271304391,0.4206218719482422,0.20086567103862762,0.19306151162494312,0.4097532033920288,0.19306151568889618,252
253,0.1987441913648085,0.40460243821144104,0.19874420762062073,0.20362984185869043,0.4161115884780884,0.20362983644008636,253
254,0.20386559854854236,0.4076378643512726,0.20386560261249542,0.20796795731241052,0.4272698760032654,0.20796795189380646,254
255,0.1970506337555972,0.41512688994407654,0.19705063104629517,0.19292786717414856,0.4168233573436737,0.19292786717414856,255
256,0.20068133961070667,0.4144120216369629,0.20068135857582092,0.18980056047439575,0.40290454030036926,0.18980057537555695,256
257,0.19693254205313596,0.4048308730125427,0.19693255424499512,0.20065697756680576,0.421720415353775,0.2006569802761078,257
258,0.1955514672127637,0.4113107919692993,0.19555146992206573,0.1990765929222107,0.4236876964569092,0.1990766078233719,258
259,0.19440486620772968,0.41123130917549133,0.19440488517284393,0.19008111140944742,0.40729331970214844,0.19008110463619232,259
260,0.19469984282146802,0.40428444743156433,0.19469983875751495,0.1906495907089927,0.4070529043674469,0.1906495839357376,260
261,0.19201922687617215,0.40743401646614075,0.1920192390680313,0.1945368986238133,0.4168423116207123,0.19453690946102142,261
262,0.19314177334308624,0.40459585189819336,0.19314178824424744,0.18826535479588943,0.4017418622970581,0.1882653534412384,262
263,0.18991093337535858,0.4017539918422699,0.1899109184741974,0.19656305827877738,0.417640745639801,0.19656305015087128,263
264,0.19001356715505774,0.3999738395214081,0.1900135576725006,0.19047014957124536,0.4042332172393799,0.1904701441526413,264
265,0.18832140077244153,0.3974258005619049,0.18832141160964966,0.19245351444591174,0.4122697412967682,0.1924535185098648,265
266,0.19118206202983856,0.403537392616272,0.19118204712867737,0.18221609565344724,0.3928999602794647,0.1822160929441452,266
267,0.18824558501893823,0.39777302742004395,0.18824557960033417,0.19460866803472693,0.40993112325668335,0.1946086585521698,267
268,0.18725105849179355,0.39305606484413147,0.18725106120109558,0.18288200009952893,0.39074841141700745,0.18288199603557587,268
269,0.1896907470443032,0.39824503660202026,0.1896907389163971,0.18708189509131692,0.40251460671424866,0.18708190321922302,269
270,0.1827013993805105,0.3874354362487793,0.18270139396190643,0.1942208382216367,0.3975847065448761,0.19422085583209991,270
271,0.18283294954083182,0.38190075755119324,0.18283294141292572,0.18019013513218274,0.38833969831466675,0.18019013106822968,271
272,0.1789977035739205,0.3857492506504059,0.1789977103471756,0.1816143203865398,0.39292120933532715,0.18161432445049286,272
273,0.18007485568523407,0.38459548354148865,0.18007484078407288,0.1816509704698216,0.38309815526008606,0.18165098130702972,273
274,0.17798061262477527,0.3754040598869324,0.17798061668872833,0.1809015626257116,0.38284221291542053,0.18090155720710754,274
275,0.1759443147615953,0.3807113766670227,0.17594432830810547,0.17945848134430972,0.38266322016716003,0.17945848405361176,275
276,0.17493068088184704,0.37091654539108276,0.17493067681789398,0.17598344385623932,0.370481938123703,0.17598344385623932,276
277,0.17362608421932568,0.3655312955379486,0.17362608015537262,0.18337769399989734,0.38369348645210266,0.1833776831626892,277
278,0.17711797627535733,0.3748888075351715,0.1771179884672165,0.17272539978677576,0.3667091429233551,0.1727253943681717,278
279,0.18687493015419354,0.37745538353919983,0.18687491118907928,0.1713902787728743,0.36560431122779846,0.17139029502868652,279
280,0.17198292098262094,0.3594186305999756,0.17198291420936584,0.20193387974392285,0.38173243403434753,0.2019338607788086,280
281,0.1749516881325028,0.3536393642425537,0.1749516874551773,0.17087283595041794,0.36023253202438354,0.17087283730506897,281
282,0.17144141278483652,0.36383354663848877,0.17144140601158142,0.1726174070076509,0.36526474356651306,0.17261740565299988,282
283,0.17371403900059787,0.3656456768512726,0.1737140268087387,0.18476126343011856,0.36836346983909607,0.18476125597953796,283
284,0.1715463941747492,0.35388943552970886,0.17154638469219208,0.1702791384675286,0.35534343123435974,0.1702791154384613,284
285,0.17494803396138278,0.36703619360923767,0.174948051571846,0.17756370116363873,0.3669812083244324,0.17756368219852448,285
286,0.17403096367012372,0.359772652387619,0.17403095960617065,0.17266241799701343,0.35215339064598083,0.1726624220609665,286
287,0.17048410935835404,0.3541610836982727,0.17048409581184387,0.1862637238069014,0.3664107322692871,0.18626371026039124,287
288,0.170322216369889,0.3518088161945343,0.1703222244977951,0.16955769468437543,0.34546399116516113,0.16955767571926117,288
289,0.16676415367559952,0.34574267268180847,0.16676415503025055,0.1836910532279448,0.3607243299484253,0.18369105458259583,289
290,0.17970991947434165,0.3572640120983124,0.17970992624759674,0.16998797926035794,0.3448299169540405,0.1699879765510559,290
291,0.17100545899434524,0.3521917760372162,0.1710054576396942,0.1853475421667099,0.3615554869174957,0.1853475570678711,291
292,0.1641506633975289,0.33756008744239807,0.1641506552696228,0.17240591076287357,0.3355715572834015,0.1724059134721756,292
293,0.17152115567163986,0.34448927640914917,0.1715211570262909,0.17461312359029596,0.3500092029571533,0.1746131181716919,293
294,0.16391112994063983,0.3388232886791229,0.1639111191034317,0.182207698171789,0.3470425605773926,0.18220770359039307,294
295,0.1657541489059275,0.3343934118747711,0.16575416922569275,0.17569450898603958,0.3439508378505707,0.1756945103406906,295
296,0.16402621973644604,0.3336610496044159,0.16402621567249298,0.1697180379520763,0.33335578441619873,0.16971802711486816,296
297,0.1652938493273475,0.3357957601547241,0.1652938425540924,0.1842339594255794,0.3507773280143738,0.18423394858837128,297
298,0.1643310460177335,0.33334049582481384,0.16433103382587433,0.17341666736386038,0.3344811201095581,0.17341667413711548,298
299,0.1726141558452086,0.3339577615261078,0.17261414229869843,0.1710158119147474,0.3349744379520416,0.17101581394672394,299
